1,Хорошо,_,_,_,_,_,_,_,@rpt1990f-words#@rpt1990f#0.0#0.3
2,ну,_,_,_,_,_,_,_,@rpt1990f-words#@rpt1990f#0.3#0.6
3,вот,_,_,_,_,_,_,_,@rpt1990f-words#@rpt1990f#0.6#0.9
4,а,_,_,_,_,_,_,_,@rpt1990f-words#@rpt1990f#0.9#1.2
5,всё-таки,_,_,_,_,_,_,_,@rpt1990f-words#@rpt1990f#1.2#1.5
6,Серёж,_,_,_,_,_,_,_,@rpt1990f-words#@rpt1990f#1.5#1.8
7,скажи,_,_,_,_,_,_,_,@rpt1990f-words#@rpt1990f#1.8#2.1
8,народную,_,_,_,_,_,_,_,@rpt1990f-words#@rpt1990f#2.44#2.693
9,любовь,_,_,_,_,_,_,_,@rpt1990f-words#@rpt1990f#2.693#2.946
10,ты,_,_,_,_,_,_,_,@rpt1990f-words#@rpt1990f#2.946#3.199
11,получил,_,_,_,_,_,_,_,@rpt1990f-words#@rpt1990f#3.199#3.452
12,еще,_,_,_,_,_,_,_,@rpt1990f-words#@rpt1990f#3.452#3.705
13,три,_,_,_,_,_,_,_,@rpt1990f-words#@rpt1990f#3.705#3.958
14,года,_,_,_,_,_,_,_,@rpt1990f-words#@rpt1990f#3.958#4.211
15,назад,_,_,_,_,_,_,_,@rpt1990f-words#@rpt1990f#4.211#4.464
16,и,_,_,_,_,_,_,_,@rpt1990f-words#@rpt1990f#4.464#4.717
17,спустя,_,_,_,_,_,_,_,@rpt1990f-words#@rpt1990f#4.717#4.97
18,три,_,_,_,_,_,_,_,@rpt1990f-words#@rpt1990f#4.97#5.223
19,года,_,_,_,_,_,_,_,@rpt1990f-words#@rpt1990f#5.223#5.476
20,ты,_,_,_,_,_,_,_,@rpt1990f-words#@rpt1990f#5.476#5.729
21,решил,_,_,_,_,_,_,_,@rpt1990f-words#@rpt1990f#5.729#5.982
22,поехать,_,_,_,_,_,_,_,@rpt1990f-words#@rpt1990f#5.982#6.235
23,снова,_,_,_,_,_,_,_,@rpt1990f-words#@rpt1990f#6.235#6.488
24,и,_,_,_,_,_,_,_,@rpt1990f-words#@rpt1990f#7.04#7.238
25,всё-таки,_,_,_,_,_,_,_,@rpt1990f-words#@rpt1990f#7.238#7.436
26,зачем,_,_,_,_,_,_,_,@rpt1990f-words#@rpt1990f#7.436#7.634
27,?,_,_,_,_,_,_,_,@rpt1990f-words#@rpt1990f#7.634#7.832
28,/,_,_,_,_,_,_,_,@rpt1990f-words#@rpt1990f#7.832#8.03
29,всё-таки,_,_,_,_,_,_,_,@rpt1990f-words#@rpt1990f#8.03#8.228
30,за,_,_,_,_,_,_,_,@rpt1990f-words#@rpt1990f#8.228#8.426
31,первым,_,_,_,_,_,_,_,@rpt1990f-words#@rpt1990f#8.426#8.624
32,местом,_,_,_,_,_,_,_,@rpt1990f-words#@rpt1990f#8.624#8.822
33,как,_,_,_,_,_,_,_,@rpt1990f-words#@rpt1990f#8.822#9.02
34,я,_,_,_,_,_,_,_,@rpt1990f-words#@rpt1990f#9.02#9.218
35,понимаю,_,_,_,_,_,_,_,@rpt1990f-words#@rpt1990f#9.218#9.416
36,да,_,_,_,_,_,_,_,@rpt1990f-words#@rpt1990f#9.416#9.614
37,?,_,_,_,_,_,_,_,@rpt1990f-words#@rpt1990f#9.614#9.816
38,если,_,_,_,_,_,_,_,@rpt1990f-words#@rpt1990f#10.208#10.518
39,эта,_,_,_,_,_,_,_,@rpt1990f-words#@rpt1990f#10.518#10.828
40,недо...,_,_,_,_,_,_,_,@rpt1990f-words#@rpt1990f#10.828#11.138
41,недосказанность,_,_,_,_,_,_,_,@rpt1990f-words#@rpt1990f#11.138#11.448
42,осталась,_,_,_,_,_,_,_,@rpt1990f-words#@rpt1990f#11.448#11.758
43,между,_,_,_,_,_,_,_,@rpt1990f-words#@rpt1990f#11.758#12.068
44,тобой,_,_,_,_,_,_,_,@rpt1990f-words#@rpt1990f#12.068#12.378
45,и,_,_,_,_,_,_,_,@rpt1990f-words#@rpt1990f#12.378#12.688
46,конкурсом,_,_,_,_,_,_,_,@rpt1990f-words#@rpt1990f#12.688#13.0
47,кто,_,_,_,_,_,_,_,@rpt1990f-words#@rpt1990f#33.864#34.111
48,твой,_,_,_,_,_,_,_,@rpt1990f-words#@rpt1990f#34.111#34.358
49,главный,_,_,_,_,_,_,_,@rpt1990f-words#@rpt1990f#34.358#34.605
50,конкурент,_,_,_,_,_,_,_,@rpt1990f-words#@rpt1990f#34.605#34.852
51,/,_,_,_,_,_,_,_,@rpt1990f-words#@rpt1990f#34.852#35.099
52,как,_,_,_,_,_,_,_,@rpt1990f-words#@rpt1990f#35.099#35.346
53,ты,_,_,_,_,_,_,_,@rpt1990f-words#@rpt1990f#35.346#35.593
54,думаешь,_,_,_,_,_,_,_,@rpt1990f-words#@rpt1990f#35.593#35.84
55,?,_,_,_,_,_,_,_,@rpt1990f-words#@rpt1990f#35.84#36.087
56,/,_,_,_,_,_,_,_,@rpt1990f-words#@rpt1990f#36.087#36.334
57,я,_,_,_,_,_,_,_,@rpt1990f-words#@rpt1990f#36.334#36.581
58,сейчас,_,_,_,_,_,_,_,@rpt1990f-words#@rpt1990f#36.581#36.828
59,посмотрела,_,_,_,_,_,_,_,@rpt1990f-words#@rpt1990f#36.828#37.075
60,тройку,_,_,_,_,_,_,_,@rpt1990f-words#@rpt1990f#37.075#37.322
61,лидеров,_,_,_,_,_,_,_,@rpt1990f-words#@rpt1990f#37.322#37.569
62,/,_,_,_,_,_,_,_,@rpt1990f-words#@rpt1990f#37.569#37.816
63,это,_,_,_,_,_,_,_,@rpt1990f-words#@rpt1990f#37.816#38.063
64,/,_,_,_,_,_,_,_,@rpt1990f-words#@rpt1990f#38.063#38.31
65,Нидерланды,_,_,_,_,_,_,_,@rpt1990f-words#@rpt1990f#38.31#38.557
66,/,_,_,_,_,_,_,_,@rpt1990f-words#@rpt1990f#38.557#38.804
67,это,_,_,_,_,_,_,_,@rpt1990f-words#@rpt1990f#38.804#39.051
68,Россия,_,_,_,_,_,_,_,@rpt1990f-words#@rpt1990f#39.051#39.298
69,и,_,_,_,_,_,_,_,@rpt1990f-words#@rpt1990f#39.298#39.545
70,Швеция,_,_,_,_,_,_,_,@rpt1990f-words#@rpt1990f#39.545#39.808
71,ну,_,_,_,_,_,_,_,@rpt1990f-words#@rpt1990f#61.56#61.804
72,ты,_,_,_,_,_,_,_,@rpt1990f-words#@rpt1990f#61.804#62.048
73,/,_,_,_,_,_,_,_,@rpt1990f-words#@rpt1990f#62.048#62.292
74,не,_,_,_,_,_,_,_,@rpt1990f-words#@rpt1990f#62.292#62.536
75,жалеешь,_,_,_,_,_,_,_,@rpt1990f-words#@rpt1990f#62.536#62.78
76,что,_,_,_,_,_,_,_,@rpt1990f-words#@rpt1990f#62.78#63.024
77,ты,_,_,_,_,_,_,_,@rpt1990f-words#@rpt1990f#63.024#63.268
78,выбрал,_,_,_,_,_,_,_,@rpt1990f-words#@rpt1990f#63.268#63.512
79,такую,_,_,_,_,_,_,_,@rpt1990f-words#@rpt1990f#63.512#63.756
80,песню,_,_,_,_,_,_,_,@rpt1990f-words#@rpt1990f#63.756#64.0
81,/,_,_,_,_,_,_,_,@rpt1990f-words#@rpt1990f#64.0#64.244
82,которая,_,_,_,_,_,_,_,@rpt1990f-words#@rpt1990f#64.244#64.488
83,/,_,_,_,_,_,_,_,@rpt1990f-words#@rpt1990f#64.488#64.732
84,не,_,_,_,_,_,_,_,@rpt1990f-words#@rpt1990f#64.732#64.976
85,формат,_,_,_,_,_,_,_,@rpt1990f-words#@rpt1990f#64.976#65.22
86,евровидения,_,_,_,_,_,_,_,@rpt1990f-words#@rpt1990f#65.22#65.464
87,?,_,_,_,_,_,_,_,@rpt1990f-words#@rpt1990f#65.464#65.72
88,ага,_,_,_,_,_,_,_,@rpt1990f-words#@rpt1990f#78.288#78.68
89,да,_,_,_,_,_,_,_,@rpt1990f-words#@rpt1990f#81.848#82.304
90,а,_,_,_,_,_,_,_,@rpt1990f-words#@rpt1990f#89.848#90.04
91,кем,_,_,_,_,_,_,_,@rpt1990f-words#@rpt1990f#90.04#90.232
92,ты,_,_,_,_,_,_,_,@rpt1990f-words#@rpt1990f#90.232#90.424
93,вдохновлялся,_,_,_,_,_,_,_,@rpt1990f-words#@rpt1990f#90.424#90.616
94,?,_,_,_,_,_,_,_,@rpt1990f-words#@rpt1990f#90.616#90.808
95,когда,_,_,_,_,_,_,_,@rpt1990f-words#@rpt1990f#91.088#91.299
96,вы,_,_,_,_,_,_,_,@rpt1990f-words#@rpt1990f#91.299#91.51
97,писали,_,_,_,_,_,_,_,@rpt1990f-words#@rpt1990f#91.51#91.721
98,эту,_,_,_,_,_,_,_,@rpt1990f-words#@rpt1990f#91.721#91.932
99,песню,_,_,_,_,_,_,_,@rpt1990f-words#@rpt1990f#91.932#92.144
100,уже,_,_,_,_,_,_,_,@rpt1990f-words#@rpt1990f#112.0#112.213
101,огромное,_,_,_,_,_,_,_,@rpt1990f-words#@rpt1990f#112.213#112.426
102,количество,_,_,_,_,_,_,_,@rpt1990f-words#@rpt1990f#112.426#112.639
103,и,_,_,_,_,_,_,_,@rpt1990f-words#@rpt1990f#112.639#112.852
104,комментариев,_,_,_,_,_,_,_,@rpt1990f-words#@rpt1990f#112.852#113.065
105,/,_,_,_,_,_,_,_,@rpt1990f-words#@rpt1990f#113.065#113.278
106,и,_,_,_,_,_,_,_,@rpt1990f-words#@rpt1990f#113.278#113.491
107,просмотров,_,_,_,_,_,_,_,@rpt1990f-words#@rpt1990f#113.491#113.704
108,/,_,_,_,_,_,_,_,@rpt1990f-words#@rpt1990f#113.704#113.917
109,и,_,_,_,_,_,_,_,@rpt1990f-words#@rpt1990f#113.917#114.13
110,лайков,_,_,_,_,_,_,_,@rpt1990f-words#@rpt1990f#114.13#114.344
111,что,_,_,_,_,_,_,_,@rpt1990f-words#@rpt1990f#115.328#115.584
112,важно,_,_,_,_,_,_,_,@rpt1990f-words#@rpt1990f#115.584#115.84
113,да,_,_,_,_,_,_,_,@rpt1990f-words#@rpt1990f#120.312#120.508
114,?,_,_,_,_,_,_,_,@rpt1990f-words#@rpt1990f#120.508#120.704
115,в,_,_,_,_,_,_,_,@rpt1990f-words#@rpt1990f#133.648#133.923
116,смы...,_,_,_,_,_,_,_,@rpt1990f-words#@rpt1990f#133.923#134.198
117,/,_,_,_,_,_,_,_,@rpt1990f-words#@rpt1990f#134.198#134.473
118,Серё...,_,_,_,_,_,_,_,@rpt1990f-words#@rpt1990f#134.473#134.748
119,/,_,_,_,_,_,_,_,@rpt1990f-words#@rpt1990f#134.748#135.023
120,такой,_,_,_,_,_,_,_,@rpt1990f-words#@rpt1990f#135.023#135.298
121,ладно,_,_,_,_,_,_,_,@rpt1990f-words#@rpt1990f#135.298#135.573
122,поеду,_,_,_,_,_,_,_,@rpt1990f-words#@rpt1990f#135.573#135.848
123,в,_,_,_,_,_,_,_,@rpt1990f-words#@rpt1990f#135.848#136.123
124,следующем,_,_,_,_,_,_,_,@rpt1990f-words#@rpt1990f#136.123#136.398
125,году,_,_,_,_,_,_,_,@rpt1990f-words#@rpt1990f#136.398#136.673
126,ещё,_,_,_,_,_,_,_,@rpt1990f-words#@rpt1990f#136.673#136.948
127,раз,_,_,_,_,_,_,_,@rpt1990f-words#@rpt1990f#136.948#137.224
128,ты,_,_,_,_,_,_,_,@rpt1990f-words#@rpt1990f#138.192#138.484
129,как,_,_,_,_,_,_,_,@rpt1990f-words#@rpt1990f#138.484#138.776
130,амбициозный,_,_,_,_,_,_,_,@rpt1990f-words#@rpt1990f#138.776#139.068
131,чело...,_,_,_,_,_,_,_,@rpt1990f-words#@rpt1990f#139.068#139.36
132,целеустремлённый,_,_,_,_,_,_,_,@rpt1990f-words#@rpt1990f#139.36#139.652
133,человек,_,_,_,_,_,_,_,@rpt1990f-words#@rpt1990f#139.652#139.944
134,/,_,_,_,_,_,_,_,@rpt1990f-words#@rpt1990f#139.944#140.236
135,наверняка,_,_,_,_,_,_,_,@rpt1990f-words#@rpt1990f#140.236#140.528
136,/,_,_,_,_,_,_,_,@rpt1990f-words#@rpt1990f#140.528#140.82
137,знаешь,_,_,_,_,_,_,_,@rpt1990f-words#@rpt1990f#140.82#141.112
138,/,_,_,_,_,_,_,_,@rpt1990f-words#@rpt1990f#141.112#141.404
139,и,_,_,_,_,_,_,_,@rpt1990f-words#@rpt1990f#141.404#141.696
140,планируешь,_,_,_,_,_,_,_,@rpt1990f-words#@rpt1990f#141.696#141.988
141,/,_,_,_,_,_,_,_,@rpt1990f-words#@rpt1990f#141.988#142.28
142,да,_,_,_,_,_,_,_,@rpt1990f-words#@rpt1990f#142.28#142.572
143,?,_,_,_,_,_,_,_,@rpt1990f-words#@rpt1990f#142.572#142.864
144,/,_,_,_,_,_,_,_,@rpt1990f-words#@rpt1990f#142.864#143.156
145,какие-то,_,_,_,_,_,_,_,@rpt1990f-words#@rpt1990f#143.156#143.448
146,исходы,_,_,_,_,_,_,_,@rpt1990f-words#@rpt1990f#143.448#143.74
147,э,_,_,_,_,_,_,_,@rpt1990f-words#@rpt1990f#143.74#144.032
148,евровидения,_,_,_,_,_,_,_,@rpt1990f-words#@rpt1990f#144.032#144.344
149,если,_,_,_,_,_,_,_,@rpt1990f-words#@rpt1990f#145.0#145.241
150,выиграю,_,_,_,_,_,_,_,@rpt1990f-words#@rpt1990f#145.241#145.482
151,/,_,_,_,_,_,_,_,@rpt1990f-words#@rpt1990f#145.482#145.723
152,буду,_,_,_,_,_,_,_,@rpt1990f-words#@rpt1990f#145.723#145.964
153,делать,_,_,_,_,_,_,_,@rpt1990f-words#@rpt1990f#145.964#146.205
154,то-то,_,_,_,_,_,_,_,@rpt1990f-words#@rpt1990f#146.205#146.448
155,если,_,_,_,_,_,_,_,@rpt1990f-words#@rpt1990f#146.672#146.923
156,ээ,_,_,_,_,_,_,_,@rpt1990f-words#@rpt1990f#146.923#147.174
157,/,_,_,_,_,_,_,_,@rpt1990f-words#@rpt1990f#147.174#147.425
158,не,_,_,_,_,_,_,_,@rpt1990f-words#@rpt1990f#147.425#147.676
159,выиграю,_,_,_,_,_,_,_,@rpt1990f-words#@rpt1990f#147.676#147.927
160,буду,_,_,_,_,_,_,_,@rpt1990f-words#@rpt1990f#147.927#148.178
161,делать,_,_,_,_,_,_,_,@rpt1990f-words#@rpt1990f#148.178#148.429
162,вот,_,_,_,_,_,_,_,@rpt1990f-words#@rpt1990f#148.429#148.68
163,это,_,_,_,_,_,_,_,@rpt1990f-words#@rpt1990f#148.68#148.931
164,/,_,_,_,_,_,_,_,@rpt1990f-words#@rpt1990f#148.931#149.182
165,в,_,_,_,_,_,_,_,@rpt1990f-words#@rpt1990f#149.182#149.433
166,каком,_,_,_,_,_,_,_,@rpt1990f-words#@rpt1990f#149.433#149.684
167,направлении,_,_,_,_,_,_,_,@rpt1990f-words#@rpt1990f#149.684#149.935
168,ты,_,_,_,_,_,_,_,@rpt1990f-words#@rpt1990f#149.935#150.186
169,пойдешь,_,_,_,_,_,_,_,@rpt1990f-words#@rpt1990f#150.186#150.437
170,/,_,_,_,_,_,_,_,@rpt1990f-words#@rpt1990f#150.437#150.688
171,если,_,_,_,_,_,_,_,@rpt1990f-words#@rpt1990f#150.688#150.939
172,э,_,_,_,_,_,_,_,@rpt1990f-words#@rpt1990f#150.939#151.19
173,победишь,_,_,_,_,_,_,_,@rpt1990f-words#@rpt1990f#151.19#151.441
174,?,_,_,_,_,_,_,_,@rpt1990f-words#@rpt1990f#151.441#151.704
175,да,_,_,_,_,_,_,_,@rpt1990f-words#@rpt1990f#154.64#154.976
176,ага,_,_,_,_,_,_,_,@rpt1990f-words#@rpt1990f#178.256#178.824
177,русскоязычные,_,_,_,_,_,_,_,@rpt1990f-words#@rpt1990f#188.048#188.848
178,то,_,_,_,_,_,_,_,@rpt1990f-words#@rpt1990f#197.784#198.066
179,есть,_,_,_,_,_,_,_,@rpt1990f-words#@rpt1990f#198.066#198.348
180,/,_,_,_,_,_,_,_,@rpt1990f-words#@rpt1990f#198.348#198.63
181,ты,_,_,_,_,_,_,_,@rpt1990f-words#@rpt1990f#198.63#198.912
182,/,_,_,_,_,_,_,_,@rpt1990f-words#@rpt1990f#198.912#199.194
183,отказался,_,_,_,_,_,_,_,@rpt1990f-words#@rpt1990f#199.194#199.476
184,всё-таки,_,_,_,_,_,_,_,@rpt1990f-words#@rpt1990f#199.476#199.758
185,от,_,_,_,_,_,_,_,@rpt1990f-words#@rpt1990f#199.758#200.04
186,идеи,_,_,_,_,_,_,_,@rpt1990f-words#@rpt1990f#200.04#200.322
187,стать,_,_,_,_,_,_,_,@rpt1990f-words#@rpt1990f#200.322#200.604
188,мировой,_,_,_,_,_,_,_,@rpt1990f-words#@rpt1990f#200.604#200.886
189,звездой,_,_,_,_,_,_,_,@rpt1990f-words#@rpt1990f#200.886#201.168
190,?,_,_,_,_,_,_,_,@rpt1990f-words#@rpt1990f#201.168#201.456
191,да,_,_,_,_,_,_,_,@rpt1990f-words#@rpt1990f#210.144#210.544
192,ага,_,_,_,_,_,_,_,@rpt1990f-words#@rpt1990f#238.656#238.872
193,ещё,_,_,_,_,_,_,_,@rpt1990f-words#@rpt1990f#250.896#251.24
194,больше,_,_,_,_,_,_,_,@rpt1990f-words#@rpt1990f#251.24#251.584
195,ты,_,_,_,_,_,_,_,@rpt1990f-words#@rpt1990f#252.192#252.448
196,просто,_,_,_,_,_,_,_,@rpt1990f-words#@rpt1990f#252.448#252.704
197,хочешь,_,_,_,_,_,_,_,@rpt1990f-words#@rpt1990f#252.704#252.96
198,больше,_,_,_,_,_,_,_,@rpt1990f-words#@rpt1990f#252.96#253.216
199,лайков,_,_,_,_,_,_,_,@rpt1990f-words#@rpt1990f#253.216#253.472
200,в,_,_,_,_,_,_,_,@rpt1990f-words#@rpt1990f#253.472#253.728
201,инстаграм,_,_,_,_,_,_,_,@rpt1990f-words#@rpt1990f#253.728#253.984
202,согласись,_,_,_,_,_,_,_,@rpt1990f-words#@rpt1990f#253.984#254.24
203,?,_,_,_,_,_,_,_,@rpt1990f-words#@rpt1990f#254.24#254.496
204,твоя,_,_,_,_,_,_,_,@rpt1990f-words#@rpt1990f#259.16#259.378
205,пиарщица,_,_,_,_,_,_,_,@rpt1990f-words#@rpt1990f#259.378#259.596
206,ведёт,_,_,_,_,_,_,_,@rpt1990f-words#@rpt1990f#259.596#259.814
207,твою,_,_,_,_,_,_,_,@rpt1990f-words#@rpt1990f#259.814#260.032
208,страницу,_,_,_,_,_,_,_,@rpt1990f-words#@rpt1990f#260.032#260.25
209,это,_,_,_,_,_,_,_,@rpt1990f-words#@rpt1990f#260.25#260.468
210,не,_,_,_,_,_,_,_,@rpt1990f-words#@rpt1990f#260.468#260.686
211,ты,_,_,_,_,_,_,_,@rpt1990f-words#@rpt1990f#260.686#260.904
212,?,_,_,_,_,_,_,_,@rpt1990f-words#@rpt1990f#260.904#261.128
213,ты,_,_,_,_,_,_,_,@rpt1990f-words#@rpt1990f#269.581#269.852
214,шутишь,_,_,_,_,_,_,_,@rpt1990f-words#@rpt1990f#269.852#270.123
215,?,_,_,_,_,_,_,_,@rpt1990f-words#@rpt1990f#270.123#270.394
216,как,_,_,_,_,_,_,_,@rpt1990f-words#@rpt1990f#270.394#270.665
217,раз,_,_,_,_,_,_,_,@rpt1990f-words#@rpt1990f#270.665#270.936
218,когда,_,_,_,_,_,_,_,@rpt1990f-words#@rpt1990f#270.936#271.207
219,пойдёт,_,_,_,_,_,_,_,@rpt1990f-words#@rpt1990f#271.207#271.478
220,волна,_,_,_,_,_,_,_,@rpt1990f-words#@rpt1990f#271.478#271.749
221,хайпа,_,_,_,_,_,_,_,@rpt1990f-words#@rpt1990f#271.749#272.02
222,/,_,_,_,_,_,_,_,@rpt1990f-words#@rpt1990f#272.02#272.291
223,ты,_,_,_,_,_,_,_,@rpt1990f-words#@rpt1990f#272.291#272.562
224,хочешь,_,_,_,_,_,_,_,@rpt1990f-words#@rpt1990f#272.562#272.833
225,закрыть,_,_,_,_,_,_,_,@rpt1990f-words#@rpt1990f#272.833#273.104
226,все,_,_,_,_,_,_,_,@rpt1990f-words#@rpt1990f#273.104#273.375
227,соцсети,_,_,_,_,_,_,_,@rpt1990f-words#@rpt1990f#273.375#273.646
228,?,_,_,_,_,_,_,_,@rpt1990f-words#@rpt1990f#273.646#273.929
229,нам,_,_,_,_,_,_,_,@rpt1990f-words#@rpt1990f#301.987#302.247
230,хочется,_,_,_,_,_,_,_,@rpt1990f-words#@rpt1990f#302.247#302.507
231,всем,_,_,_,_,_,_,_,@rpt1990f-words#@rpt1990f#302.507#302.767
232,лучшей,_,_,_,_,_,_,_,@rpt1990f-words#@rpt1990f#302.767#303.027
233,жизни,_,_,_,_,_,_,_,@rpt1990f-words#@rpt1990f#303.027#303.287
234,поэтому,_,_,_,_,_,_,_,@rpt1990f-words#@rpt1990f#303.287#303.547
235,мы,_,_,_,_,_,_,_,@rpt1990f-words#@rpt1990f#303.547#303.807
236,показываем,_,_,_,_,_,_,_,@rpt1990f-words#@rpt1990f#303.807#304.067
237,все,_,_,_,_,_,_,_,@rpt1990f-words#@rpt1990f#304.067#304.327
238,самое,_,_,_,_,_,_,_,@rpt1990f-words#@rpt1990f#304.327#304.587
239,лучшее,_,_,_,_,_,_,_,@rpt1990f-words#@rpt1990f#304.587#304.847
240,ведь,_,_,_,_,_,_,_,@rpt1990f-words#@rpt1990f#304.847#305.107
241,/,_,_,_,_,_,_,_,@rpt1990f-words#@rpt1990f#305.107#305.367
242,так,_,_,_,_,_,_,_,@rpt1990f-words#@rpt1990f#305.367#305.627
243,много,_,_,_,_,_,_,_,@rpt1990f-words#@rpt1990f#305.627#305.887
244,говна,_,_,_,_,_,_,_,@rpt1990f-words#@rpt1990f#305.887#306.147
245,в,_,_,_,_,_,_,_,@rpt1990f-words#@rpt1990f#306.147#306.407
246,принципе,_,_,_,_,_,_,_,@rpt1990f-words#@rpt1990f#306.407#306.67
247,поэтому,_,_,_,_,_,_,_,@rpt1990f-words#@rpt1990f#307.015#307.278
248,/,_,_,_,_,_,_,_,@rpt1990f-words#@rpt1990f#307.278#307.541
249,показывать,_,_,_,_,_,_,_,@rpt1990f-words#@rpt1990f#307.541#307.804
250,еще,_,_,_,_,_,_,_,@rpt1990f-words#@rpt1990f#307.804#308.067
251,как,_,_,_,_,_,_,_,@rpt1990f-words#@rpt1990f#308.067#308.33
252,ты,_,_,_,_,_,_,_,@rpt1990f-words#@rpt1990f#308.33#308.593
253,страдаешь,_,_,_,_,_,_,_,@rpt1990f-words#@rpt1990f#308.593#308.856
254,добавлять,_,_,_,_,_,_,_,@rpt1990f-words#@rpt1990f#309.577#310.099
255,эээ,_,_,_,_,_,_,_,@rpt1990f-words#@rpt1990f#310.695#311.113
256,негатива,_,_,_,_,_,_,_,@rpt1990f-words#@rpt1990f#311.113#311.531
257,/,_,_,_,_,_,_,_,@rpt1990f-words#@rpt1990f#311.531#311.949
258,так,_,_,_,_,_,_,_,@rpt1990f-words#@rpt1990f#311.949#312.367
259,не,_,_,_,_,_,_,_,@rpt1990f-words#@rpt1990f#312.367#312.785
260,хочется,_,_,_,_,_,_,_,@rpt1990f-words#@rpt1990f#312.785#313.206
261,ну,_,_,_,_,_,_,_,@svl1983m-words#@svl1983m#4.686#4.867
262,/,_,_,_,_,_,_,_,@svl1983m-words#@svl1983m#4.867#5.048
263,я,_,_,_,_,_,_,_,@svl1983m-words#@svl1983m#5.048#5.229
264,/,_,_,_,_,_,_,_,@svl1983m-words#@svl1983m#5.229#5.41
265,я,_,_,_,_,_,_,_,@svl1983m-words#@svl1983m#5.41#5.593
266,ага,_,_,_,_,_,_,_,@svl1983m-words#@svl1983m#6.372#7.058
267,ну,_,_,_,_,_,_,_,@svl1983m-words#@svl1983m#13.023#13.286
268,во-первых,_,_,_,_,_,_,_,@svl1983m-words#@svl1983m#13.286#13.549
269,/,_,_,_,_,_,_,_,@svl1983m-words#@svl1983m#13.549#13.812
270,у,_,_,_,_,_,_,_,@svl1983m-words#@svl1983m#13.812#14.075
271,меня,_,_,_,_,_,_,_,@svl1983m-words#@svl1983m#14.075#14.338
272,очень,_,_,_,_,_,_,_,@svl1983m-words#@svl1983m#14.338#14.601
273,неформатная,_,_,_,_,_,_,_,@svl1983m-words#@svl1983m#14.601#14.864
274,песня,_,_,_,_,_,_,_,@svl1983m-words#@svl1983m#14.864#15.127
275,для,_,_,_,_,_,_,_,@svl1983m-words#@svl1983m#15.127#15.39
276,евровидения,_,_,_,_,_,_,_,@svl1983m-words#@svl1983m#15.39#15.653
277,в,_,_,_,_,_,_,_,@svl1983m-words#@svl1983m#15.653#15.916
278,этот,_,_,_,_,_,_,_,@svl1983m-words#@svl1983m#15.916#16.179
279,раз,_,_,_,_,_,_,_,@svl1983m-words#@svl1983m#16.179#16.442
280,/,_,_,_,_,_,_,_,@svl1983m-words#@svl1983m#16.442#16.705
281,она,_,_,_,_,_,_,_,@svl1983m-words#@svl1983m#16.705#16.968
282,либо,_,_,_,_,_,_,_,@svl1983m-words#@svl1983m#16.968#17.231
283,зайдёт,_,_,_,_,_,_,_,@svl1983m-words#@svl1983m#17.231#17.494
284,либо,_,_,_,_,_,_,_,@svl1983m-words#@svl1983m#17.494#17.757
285,не,_,_,_,_,_,_,_,@svl1983m-words#@svl1983m#17.757#18.02
286,зайдёт,_,_,_,_,_,_,_,@svl1983m-words#@svl1983m#18.02#18.283
287,вообще,_,_,_,_,_,_,_,@svl1983m-words#@svl1983m#18.283#18.546
288,ээ,_,_,_,_,_,_,_,@svl1983m-words#@svl1983m#18.546#18.825
289,это,_,_,_,_,_,_,_,@svl1983m-words#@svl1983m#19.0#19.248
290,собс...,_,_,_,_,_,_,_,@svl1983m-words#@svl1983m#19.248#19.496
291,собственно,_,_,_,_,_,_,_,@svl1983m-words#@svl1983m#19.496#19.744
292,и,_,_,_,_,_,_,_,@svl1983m-words#@svl1983m#19.744#19.992
293,произошло,_,_,_,_,_,_,_,@svl1983m-words#@svl1983m#19.992#20.24
294,так,_,_,_,_,_,_,_,@svl1983m-words#@svl1983m#20.24#20.488
295,с,_,_,_,_,_,_,_,@svl1983m-words#@svl1983m#20.488#20.736
296,эм,_,_,_,_,_,_,_,@svl1983m-words#@svl1983m#20.736#20.988
297,эмм,_,_,_,_,_,_,_,@svl1983m-words#@svl1983m#21.29#21.613
298,отзывами,_,_,_,_,_,_,_,@svl1983m-words#@svl1983m#21.613#21.936
299,по,_,_,_,_,_,_,_,@svl1983m-words#@svl1983m#21.936#22.259
300,песне,_,_,_,_,_,_,_,@svl1983m-words#@svl1983m#22.259#22.582
301,/,_,_,_,_,_,_,_,@svl1983m-words#@svl1983m#22.582#22.905
302,потому,_,_,_,_,_,_,_,@svl1983m-words#@svl1983m#22.905#23.228
303,что,_,_,_,_,_,_,_,@svl1983m-words#@svl1983m#23.228#23.551
304,кто-то,_,_,_,_,_,_,_,@svl1983m-words#@svl1983m#23.551#23.874
305,счтает,_,_,_,_,_,_,_,@svl1983m-words#@svl1983m#23.874#24.197
306,что,_,_,_,_,_,_,_,@svl1983m-words#@svl1983m#24.197#24.52
307,это,_,_,_,_,_,_,_,@svl1983m-words#@svl1983m#24.52#24.843
308,генилаьная,_,_,_,_,_,_,_,@svl1983m-words#@svl1983m#24.843#25.174
309,и,_,_,_,_,_,_,_,@svl1983m-words#@svl1983m#25.627#25.822
310,что,_,_,_,_,_,_,_,@svl1983m-words#@svl1983m#25.822#26.017
311,это,_,_,_,_,_,_,_,@svl1983m-words#@svl1983m#26.017#26.212
312,/,_,_,_,_,_,_,_,@svl1983m-words#@svl1983m#26.212#26.407
313,ну,_,_,_,_,_,_,_,@svl1983m-words#@svl1983m#26.407#26.602
314,просто,_,_,_,_,_,_,_,@svl1983m-words#@svl1983m#26.602#26.802
315,выше,_,_,_,_,_,_,_,@svl1983m-words#@svl1983m#27.604#27.813
316,всех,_,_,_,_,_,_,_,@svl1983m-words#@svl1983m#27.813#28.022
317,похвал,_,_,_,_,_,_,_,@svl1983m-words#@svl1983m#28.022#28.231
318,/,_,_,_,_,_,_,_,@svl1983m-words#@svl1983m#28.231#28.44
319,кто-то,_,_,_,_,_,_,_,@svl1983m-words#@svl1983m#28.44#28.649
320,говорит,_,_,_,_,_,_,_,@svl1983m-words#@svl1983m#28.649#28.858
321,что,_,_,_,_,_,_,_,@svl1983m-words#@svl1983m#28.858#29.067
322,это,_,_,_,_,_,_,_,@svl1983m-words#@svl1983m#29.067#29.276
323,не,_,_,_,_,_,_,_,@svl1983m-words#@svl1983m#29.276#29.485
324,формат,_,_,_,_,_,_,_,@svl1983m-words#@svl1983m#29.485#29.694
325,/,_,_,_,_,_,_,_,@svl1983m-words#@svl1983m#29.694#29.903
326,что,_,_,_,_,_,_,_,@svl1983m-words#@svl1983m#29.903#30.112
327,это,_,_,_,_,_,_,_,@svl1983m-words#@svl1983m#30.112#30.321
328,/,_,_,_,_,_,_,_,@svl1983m-words#@svl1983m#30.321#30.53
329,что,_,_,_,_,_,_,_,@svl1983m-words#@svl1983m#30.53#30.739
330,это,_,_,_,_,_,_,_,@svl1983m-words#@svl1983m#30.739#30.948
331,/,_,_,_,_,_,_,_,@svl1983m-words#@svl1983m#30.948#31.157
332,не,_,_,_,_,_,_,_,@svl1983m-words#@svl1983m#31.157#31.366
333,/,_,_,_,_,_,_,_,@svl1983m-words#@svl1983m#31.366#31.575
334,ээ,_,_,_,_,_,_,_,@svl1983m-words#@svl1983m#31.575#31.784
335,евровидение,_,_,_,_,_,_,_,@svl1983m-words#@svl1983m#31.784#31.993
336,/,_,_,_,_,_,_,_,@svl1983m-words#@svl1983m#31.993#32.202
337,что,_,_,_,_,_,_,_,@svl1983m-words#@svl1983m#32.202#32.411
338,это,_,_,_,_,_,_,_,@svl1983m-words#@svl1983m#32.411#32.62
339,/,_,_,_,_,_,_,_,@svl1983m-words#@svl1983m#32.62#32.829
340,скучно,_,_,_,_,_,_,_,@svl1983m-words#@svl1983m#32.829#33.038
341,и,_,_,_,_,_,_,_,@svl1983m-words#@svl1983m#33.038#33.247
342,все,_,_,_,_,_,_,_,@svl1983m-words#@svl1983m#33.247#33.456
343,остальное,_,_,_,_,_,_,_,@svl1983m-words#@svl1983m#33.456#33.686
344,я,_,_,_,_,_,_,_,@svl1983m-words#@svl1983m#40.0#40.293
345,думаю,_,_,_,_,_,_,_,@svl1983m-words#@svl1983m#40.293#40.586
346,что,_,_,_,_,_,_,_,@svl1983m-words#@svl1983m#40.586#40.879
347,главный,_,_,_,_,_,_,_,@svl1983m-words#@svl1983m#40.879#41.172
348,мой,_,_,_,_,_,_,_,@svl1983m-words#@svl1983m#41.172#41.465
349,конкурент,_,_,_,_,_,_,_,@svl1983m-words#@svl1983m#41.465#41.758
350,/,_,_,_,_,_,_,_,@svl1983m-words#@svl1983m#41.758#42.051
351,наверное,_,_,_,_,_,_,_,@svl1983m-words#@svl1983m#42.051#42.344
352,/,_,_,_,_,_,_,_,@svl1983m-words#@svl1983m#42.344#42.637
353,это,_,_,_,_,_,_,_,@svl1983m-words#@svl1983m#42.637#42.93
354,я,_,_,_,_,_,_,_,@svl1983m-words#@svl1983m#42.93#43.223
355,сам,_,_,_,_,_,_,_,@svl1983m-words#@svl1983m#43.223#43.516
356,/,_,_,_,_,_,_,_,@svl1983m-words#@svl1983m#43.516#43.809
357,аа,_,_,_,_,_,_,_,@svl1983m-words#@svl1983m#43.809#44.102
358,образца,_,_,_,_,_,_,_,@svl1983m-words#@svl1983m#44.102#44.395
359,две,_,_,_,_,_,_,_,@svl1983m-words#@svl1983m#44.395#44.688
360,тысячи,_,_,_,_,_,_,_,@svl1983m-words#@svl1983m#44.688#44.981
361,шестнадцатого,_,_,_,_,_,_,_,@svl1983m-words#@svl1983m#44.981#45.274
362,года,_,_,_,_,_,_,_,@svl1983m-words#@svl1983m#45.274#45.581
363,и,_,_,_,_,_,_,_,@svl1983m-words#@svl1983m#46.43#47.215
364,ээ,_,_,_,_,_,_,_,@svl1983m-words#@svl1983m#47.215#48.0
365,та...,_,_,_,_,_,_,_,@svl1983m-words#@svl1983m#48.534#48.792
366,/,_,_,_,_,_,_,_,@svl1983m-words#@svl1983m#48.792#49.05
367,та...,_,_,_,_,_,_,_,@svl1983m-words#@svl1983m#49.05#49.308
368,/,_,_,_,_,_,_,_,@svl1983m-words#@svl1983m#49.308#49.566
369,то,_,_,_,_,_,_,_,@svl1983m-words#@svl1983m#49.566#49.824
370,ощущение,_,_,_,_,_,_,_,@svl1983m-words#@svl1983m#49.824#50.082
371,у,_,_,_,_,_,_,_,@svl1983m-words#@svl1983m#50.082#50.34
372,людей,_,_,_,_,_,_,_,@svl1983m-words#@svl1983m#50.34#50.598
373,от,_,_,_,_,_,_,_,@svl1983m-words#@svl1983m#50.598#50.856
374,конкурса,_,_,_,_,_,_,_,@svl1983m-words#@svl1983m#50.856#51.114
375,/,_,_,_,_,_,_,_,@svl1983m-words#@svl1983m#51.114#51.372
376,которое,_,_,_,_,_,_,_,@svl1983m-words#@svl1983m#51.372#51.63
377,было,_,_,_,_,_,_,_,@svl1983m-words#@svl1983m#51.63#51.888
378,тогда,_,_,_,_,_,_,_,@svl1983m-words#@svl1983m#51.888#52.146
379,/,_,_,_,_,_,_,_,@svl1983m-words#@svl1983m#52.146#52.404
380,потому,_,_,_,_,_,_,_,@svl1983m-words#@svl1983m#52.404#52.662
381,что,_,_,_,_,_,_,_,@svl1983m-words#@svl1983m#52.662#52.92
382,меня,_,_,_,_,_,_,_,@svl1983m-words#@svl1983m#52.92#53.178
383,скорее,_,_,_,_,_,_,_,@svl1983m-words#@svl1983m#53.178#53.436
384,всего,_,_,_,_,_,_,_,@svl1983m-words#@svl1983m#53.436#53.694
385,будут,_,_,_,_,_,_,_,@svl1983m-words#@svl1983m#53.694#53.952
386,сравнивать,_,_,_,_,_,_,_,@svl1983m-words#@svl1983m#53.952#54.21
387,/,_,_,_,_,_,_,_,@svl1983m-words#@svl1983m#54.21#54.468
388,с,_,_,_,_,_,_,_,@svl1983m-words#@svl1983m#54.468#54.726
389,самим,_,_,_,_,_,_,_,@svl1983m-words#@svl1983m#54.726#54.984
390,собой,_,_,_,_,_,_,_,@svl1983m-words#@svl1983m#54.984#55.267
391,и,_,_,_,_,_,_,_,@svl1983m-words#@svl1983m#55.546#56.302
392,ощущение,_,_,_,_,_,_,_,@svl1983m-words#@svl1983m#56.5#56.743
393,от,_,_,_,_,_,_,_,@svl1983m-words#@svl1983m#56.743#56.986
394,потому,_,_,_,_,_,_,_,@svl1983m-words#@svl1983m#56.986#57.229
395,что,_,_,_,_,_,_,_,@svl1983m-words#@svl1983m#57.229#57.472
396,тот,_,_,_,_,_,_,_,@svl1983m-words#@svl1983m#57.472#57.715
397,ко...,_,_,_,_,_,_,_,@svl1983m-words#@svl1983m#57.715#57.958
398,тот,_,_,_,_,_,_,_,@svl1983m-words#@svl1983m#57.958#58.201
399,/,_,_,_,_,_,_,_,@svl1983m-words#@svl1983m#58.201#58.444
400,номер,_,_,_,_,_,_,_,@svl1983m-words#@svl1983m#58.444#58.687
401,/,_,_,_,_,_,_,_,@svl1983m-words#@svl1983m#58.687#58.93
402,тот...,_,_,_,_,_,_,_,@svl1983m-words#@svl1983m#58.93#59.174
403,э,_,_,_,_,_,_,_,@svl1983m-words#@svl1983m#59.662#59.924
404,та,_,_,_,_,_,_,_,@svl1983m-words#@svl1983m#59.924#60.186
405,песня,_,_,_,_,_,_,_,@svl1983m-words#@svl1983m#60.186#60.448
406,/,_,_,_,_,_,_,_,@svl1983m-words#@svl1983m#60.448#60.71
407,проивзела,_,_,_,_,_,_,_,@svl1983m-words#@svl1983m#60.71#60.972
408,вау,_,_,_,_,_,_,_,@svl1983m-words#@svl1983m#60.972#61.234
409,эффект,_,_,_,_,_,_,_,@svl1983m-words#@svl1983m#61.234#61.5
410,нет,_,_,_,_,_,_,_,@svl1983m-words#@svl1983m#66.28#66.547
411,потому,_,_,_,_,_,_,_,@svl1983m-words#@svl1983m#66.547#66.814
412,что,_,_,_,_,_,_,_,@svl1983m-words#@svl1983m#66.814#67.081
413,мне,_,_,_,_,_,_,_,@svl1983m-words#@svl1983m#67.081#67.348
414,за,_,_,_,_,_,_,_,@svl1983m-words#@svl1983m#67.348#67.615
415,эту,_,_,_,_,_,_,_,@svl1983m-words#@svl1983m#67.615#67.882
416,песню,_,_,_,_,_,_,_,@svl1983m-words#@svl1983m#67.882#68.149
417,никогда,_,_,_,_,_,_,_,@svl1983m-words#@svl1983m#68.149#68.416
418,не,_,_,_,_,_,_,_,@svl1983m-words#@svl1983m#68.416#68.683
419,будет,_,_,_,_,_,_,_,@svl1983m-words#@svl1983m#68.683#68.95
420,стыдно,_,_,_,_,_,_,_,@svl1983m-words#@svl1983m#68.95#69.217
421,/,_,_,_,_,_,_,_,@svl1983m-words#@svl1983m#69.217#69.484
422,она,_,_,_,_,_,_,_,@svl1983m-words#@svl1983m#69.484#69.751
423,другого,_,_,_,_,_,_,_,@svl1983m-words#@svl1983m#69.751#70.018
424,уровня,_,_,_,_,_,_,_,@svl1983m-words#@svl1983m#70.018#70.285
425,и,_,_,_,_,_,_,_,@svl1983m-words#@svl1983m#70.285#70.552
426,она,_,_,_,_,_,_,_,@svl1983m-words#@svl1983m#70.552#70.819
427,/,_,_,_,_,_,_,_,@svl1983m-words#@svl1983m#70.819#71.086
428,вне,_,_,_,_,_,_,_,@svl1983m-words#@svl1983m#71.086#71.353
429,времени,_,_,_,_,_,_,_,@svl1983m-words#@svl1983m#71.353#71.62
430,/,_,_,_,_,_,_,_,@svl1983m-words#@svl1983m#71.62#71.887
431,это,_,_,_,_,_,_,_,@svl1983m-words#@svl1983m#71.887#72.154
432,был,_,_,_,_,_,_,_,@svl1983m-words#@svl1983m#72.154#72.421
433,осознанный,_,_,_,_,_,_,_,@svl1983m-words#@svl1983m#72.421#72.688
434,выбор,_,_,_,_,_,_,_,@svl1983m-words#@svl1983m#72.688#72.955
435,сделать,_,_,_,_,_,_,_,@svl1983m-words#@svl1983m#72.955#73.222
436,подобную,_,_,_,_,_,_,_,@svl1983m-words#@svl1983m#73.222#73.489
437,песню,_,_,_,_,_,_,_,@svl1983m-words#@svl1983m#73.489#73.779
438,песню,_,_,_,_,_,_,_,@svl1983m-words#@svl1983m#74.6#74.939
439,неформат,_,_,_,_,_,_,_,@svl1983m-words#@svl1983m#74.939#75.279
440,если,_,_,_,_,_,_,_,@svl1983m-words#@svl1983m#75.569#75.791
441,б,_,_,_,_,_,_,_,@svl1983m-words#@svl1983m#75.791#76.013
442,я,_,_,_,_,_,_,_,@svl1983m-words#@svl1983m#76.013#76.235
443,поехал,_,_,_,_,_,_,_,@svl1983m-words#@svl1983m#76.235#76.457
444,вновь,_,_,_,_,_,_,_,@svl1983m-words#@svl1983m#76.457#76.679
445,/,_,_,_,_,_,_,_,@svl1983m-words#@svl1983m#76.679#76.901
446,с,_,_,_,_,_,_,_,@svl1983m-words#@svl1983m#76.901#77.123
447,поп,_,_,_,_,_,_,_,@svl1983m-words#@svl1983m#77.123#77.345
448,евро-попом,_,_,_,_,_,_,_,@svl1983m-words#@svl1983m#77.345#77.567
449,таким,_,_,_,_,_,_,_,@svl1983m-words#@svl1983m#77.567#77.789
450,/,_,_,_,_,_,_,_,@svl1983m-words#@svl1983m#77.789#78.011
451,еще,_,_,_,_,_,_,_,@svl1983m-words#@svl1983m#78.011#78.233
452,и,_,_,_,_,_,_,_,@svl1983m-words#@svl1983m#78.233#78.455
453,танцевальным,_,_,_,_,_,_,_,@svl1983m-words#@svl1983m#78.455#78.677
454,/,_,_,_,_,_,_,_,@svl1983m-words#@svl1983m#78.677#78.899
455,это,_,_,_,_,_,_,_,@svl1983m-words#@svl1983m#78.899#79.121
456,была,_,_,_,_,_,_,_,@svl1983m-words#@svl1983m#79.121#79.343
457,бы,_,_,_,_,_,_,_,@svl1983m-words#@svl1983m#79.343#79.565
458,копирка,_,_,_,_,_,_,_,@svl1983m-words#@svl1983m#79.565#79.787
459,я,_,_,_,_,_,_,_,@svl1983m-words#@svl1983m#79.787#80.009
460,бы,_,_,_,_,_,_,_,@svl1983m-words#@svl1983m#80.009#80.231
461,/,_,_,_,_,_,_,_,@svl1983m-words#@svl1983m#80.231#80.453
462,повторил,_,_,_,_,_,_,_,@svl1983m-words#@svl1983m#80.453#80.675
463,сам,_,_,_,_,_,_,_,@svl1983m-words#@svl1983m#80.675#80.897
464,себя,_,_,_,_,_,_,_,@svl1983m-words#@svl1983m#80.897#81.119
465,/,_,_,_,_,_,_,_,@svl1983m-words#@svl1983m#81.119#81.341
466,и,_,_,_,_,_,_,_,@svl1983m-words#@svl1983m#81.341#81.563
467,это,_,_,_,_,_,_,_,@svl1983m-words#@svl1983m#81.563#81.785
468,ммм,_,_,_,_,_,_,_,@svl1983m-words#@svl1983m#81.785#82.007
469,/,_,_,_,_,_,_,_,@svl1983m-words#@svl1983m#82.007#82.229
470,где-то,_,_,_,_,_,_,_,@svl1983m-words#@svl1983m#82.229#82.451
471,мы,_,_,_,_,_,_,_,@svl1983m-words#@svl1983m#82.451#82.673
472,это,_,_,_,_,_,_,_,@svl1983m-words#@svl1983m#82.673#82.895
473,уже,_,_,_,_,_,_,_,@svl1983m-words#@svl1983m#82.895#83.117
474,видели,_,_,_,_,_,_,_,@svl1983m-words#@svl1983m#83.117#83.372
475,а,_,_,_,_,_,_,_,@svl1983m-words#@svl1983m#83.848#84.08
476,вдруг,_,_,_,_,_,_,_,@svl1983m-words#@svl1983m#84.08#84.312
477,/,_,_,_,_,_,_,_,@svl1983m-words#@svl1983m#84.312#84.544
478,едет,_,_,_,_,_,_,_,@svl1983m-words#@svl1983m#84.544#84.779
479,второй,_,_,_,_,_,_,_,@svl1983m-words#@svl1983m#85.127#85.351
480,раз,_,_,_,_,_,_,_,@svl1983m-words#@svl1983m#85.351#85.575
481,человек,_,_,_,_,_,_,_,@svl1983m-words#@svl1983m#85.575#85.799
482,/,_,_,_,_,_,_,_,@svl1983m-words#@svl1983m#85.799#86.023
483,да,_,_,_,_,_,_,_,@svl1983m-words#@svl1983m#86.023#86.247
484,/,_,_,_,_,_,_,_,@svl1983m-words#@svl1983m#86.247#86.471
485,артист,_,_,_,_,_,_,_,@svl1983m-words#@svl1983m#86.471#86.695
486,/,_,_,_,_,_,_,_,@svl1983m-words#@svl1983m#86.695#86.919
487,и,_,_,_,_,_,_,_,@svl1983m-words#@svl1983m#86.919#87.143
488,показывает,_,_,_,_,_,_,_,@svl1983m-words#@svl1983m#87.143#87.367
489,себя,_,_,_,_,_,_,_,@svl1983m-words#@svl1983m#87.367#87.591
490,с,_,_,_,_,_,_,_,@svl1983m-words#@svl1983m#87.591#87.815
491,совершенно,_,_,_,_,_,_,_,@svl1983m-words#@svl1983m#87.815#88.039
492,другой,_,_,_,_,_,_,_,@svl1983m-words#@svl1983m#88.039#88.263
493,ээ,_,_,_,_,_,_,_,@svl1983m-words#@svl1983m#88.263#88.5
494,стороны,_,_,_,_,_,_,_,@svl1983m-words#@svl1983m#89.0#89.27
495,/,_,_,_,_,_,_,_,@svl1983m-words#@svl1983m#89.27#89.54
496,с,_,_,_,_,_,_,_,@svl1983m-words#@svl1983m#89.54#89.81
497,совершенно,_,_,_,_,_,_,_,@svl1983m-words#@svl1983m#89.81#90.081
498,в,_,_,_,_,_,_,_,@svl1983m-words#@svl1983m#92.127#92.386
499,первый,_,_,_,_,_,_,_,@svl1983m-words#@svl1983m#92.386#92.645
500,раз,_,_,_,_,_,_,_,@svl1983m-words#@svl1983m#92.645#92.904
501,когда,_,_,_,_,_,_,_,@svl1983m-words#@svl1983m#92.904#93.163
502,я,_,_,_,_,_,_,_,@svl1983m-words#@svl1983m#93.163#93.422
503,услышал,_,_,_,_,_,_,_,@svl1983m-words#@svl1983m#93.422#93.681
504,мелодию,_,_,_,_,_,_,_,@svl1983m-words#@svl1983m#93.681#93.94
505,/,_,_,_,_,_,_,_,@svl1983m-words#@svl1983m#93.94#94.199
506,ээ,_,_,_,_,_,_,_,@svl1983m-words#@svl1983m#94.199#94.458
507,её,_,_,_,_,_,_,_,@svl1983m-words#@svl1983m#94.458#94.717
508,написал,_,_,_,_,_,_,_,@svl1983m-words#@svl1983m#94.717#94.976
509,Димитрис,_,_,_,_,_,_,_,@svl1983m-words#@svl1983m#94.976#95.235
510,Контопулос,_,_,_,_,_,_,_,@svl1983m-words#@svl1983m#95.235#95.494
511,/,_,_,_,_,_,_,_,@svl1983m-words#@svl1983m#95.494#95.753
512,и,_,_,_,_,_,_,_,@svl1983m-words#@svl1983m#95.753#96.012
513,/,_,_,_,_,_,_,_,@svl1983m-words#@svl1983m#96.012#96.271
514,Филипп,_,_,_,_,_,_,_,@svl1983m-words#@svl1983m#96.271#96.53
515,/,_,_,_,_,_,_,_,@svl1983m-words#@svl1983m#96.53#96.789
516,Киркоров,_,_,_,_,_,_,_,@svl1983m-words#@svl1983m#96.789#97.048
517,/,_,_,_,_,_,_,_,@svl1983m-words#@svl1983m#97.048#97.307
518,у,_,_,_,_,_,_,_,@svl1983m-words#@svl1983m#97.307#97.566
519,меня,_,_,_,_,_,_,_,@svl1983m-words#@svl1983m#97.566#97.825
520,абсолютно,_,_,_,_,_,_,_,@svl1983m-words#@svl1983m#97.825#98.084
521,/,_,_,_,_,_,_,_,@svl1983m-words#@svl1983m#98.084#98.343
522,в,_,_,_,_,_,_,_,@svl1983m-words#@svl1983m#98.343#98.602
523,голове,_,_,_,_,_,_,_,@svl1983m-words#@svl1983m#98.602#98.861
524,были,_,_,_,_,_,_,_,@svl1983m-words#@svl1983m#98.861#99.12
525,ээ,_,_,_,_,_,_,_,@svl1983m-words#@svl1983m#99.12#99.406
526,фильмы,_,_,_,_,_,_,_,@svl1983m-words#@svl1983m#100.313#100.548
527,/,_,_,_,_,_,_,_,@svl1983m-words#@svl1983m#100.548#100.783
528,а-ля,_,_,_,_,_,_,_,@svl1983m-words#@svl1983m#100.783#101.018
529,х...,_,_,_,_,_,_,_,@svl1983m-words#@svl1983m#101.018#101.253
530,хроники,_,_,_,_,_,_,_,@svl1983m-words#@svl1983m#101.253#101.488
531,Нарнии,_,_,_,_,_,_,_,@svl1983m-words#@svl1983m#101.488#101.723
532,/,_,_,_,_,_,_,_,@svl1983m-words#@svl1983m#101.723#101.958
533,вот,_,_,_,_,_,_,_,@svl1983m-words#@svl1983m#101.958#102.193
534,что-то,_,_,_,_,_,_,_,@svl1983m-words#@svl1983m#102.193#102.428
535,такое,_,_,_,_,_,_,_,@svl1983m-words#@svl1983m#102.428#102.663
536,какое-то,_,_,_,_,_,_,_,@svl1983m-words#@svl1983m#102.663#102.898
537,эп...,_,_,_,_,_,_,_,@svl1983m-words#@svl1983m#102.898#103.133
538,и,_,_,_,_,_,_,_,@svl1983m-words#@svl1983m#103.133#103.368
539,я,_,_,_,_,_,_,_,@svl1983m-words#@svl1983m#103.368#103.603
540,понимал,_,_,_,_,_,_,_,@svl1983m-words#@svl1983m#103.603#103.838
541,что,_,_,_,_,_,_,_,@svl1983m-words#@svl1983m#103.838#104.073
542,это,_,_,_,_,_,_,_,@svl1983m-words#@svl1983m#104.073#104.308
543,саундтрек,_,_,_,_,_,_,_,@svl1983m-words#@svl1983m#104.308#104.543
544,говорил,_,_,_,_,_,_,_,@svl1983m-words#@svl1983m#104.543#104.778
545,вы,_,_,_,_,_,_,_,@svl1983m-words#@svl1983m#104.778#105.013
546,понимаете,_,_,_,_,_,_,_,@svl1983m-words#@svl1983m#105.013#105.248
547,что,_,_,_,_,_,_,_,@svl1983m-words#@svl1983m#105.248#105.483
548,это,_,_,_,_,_,_,_,@svl1983m-words#@svl1983m#105.483#105.718
549,саундтрек,_,_,_,_,_,_,_,@svl1983m-words#@svl1983m#105.718#105.953
550,?,_,_,_,_,_,_,_,@svl1983m-words#@svl1983m#105.953#106.188
551,это,_,_,_,_,_,_,_,@svl1983m-words#@svl1983m#106.188#106.423
552,просто,_,_,_,_,_,_,_,@svl1983m-words#@svl1983m#106.423#106.658
553,/,_,_,_,_,_,_,_,@svl1983m-words#@svl1983m#106.658#106.893
554,ну,_,_,_,_,_,_,_,@svl1983m-words#@svl1983m#106.893#107.128
555,это,_,_,_,_,_,_,_,@svl1983m-words#@svl1983m#107.128#107.363
556,эпич...,_,_,_,_,_,_,_,@svl1983m-words#@svl1983m#107.363#107.598
557,/,_,_,_,_,_,_,_,@svl1983m-words#@svl1983m#107.598#107.833
558,это,_,_,_,_,_,_,_,@svl1983m-words#@svl1983m#107.833#108.068
559,эпичная,_,_,_,_,_,_,_,@svl1983m-words#@svl1983m#108.068#108.303
560,баллада,_,_,_,_,_,_,_,@svl1983m-words#@svl1983m#108.303#108.558
561,и,_,_,_,_,_,_,_,@svl1983m-words#@svl1983m#109.058#109.366
562,я,_,_,_,_,_,_,_,@svl1983m-words#@svl1983m#109.366#109.674
563,эм,_,_,_,_,_,_,_,@svl1983m-words#@svl1983m#109.674#109.982
564,/,_,_,_,_,_,_,_,@svl1983m-words#@svl1983m#109.982#110.29
565,в,_,_,_,_,_,_,_,@svl1983m-words#@svl1983m#110.29#110.598
566,ней,_,_,_,_,_,_,_,@svl1983m-words#@svl1983m#110.598#110.906
567,почувствовал,_,_,_,_,_,_,_,@svl1983m-words#@svl1983m#110.906#111.214
568,дух,_,_,_,_,_,_,_,@svl1983m-words#@svl1983m#111.214#111.522
569,евровидения,_,_,_,_,_,_,_,@svl1983m-words#@svl1983m#111.522#111.837
570,гуд,_,_,_,_,_,_,_,@svl1983m-words#@svl1983m#114.732#115.104
571,мы,_,_,_,_,_,_,_,@svl1983m-words#@svl1983m#116.0#116.173
572,так,_,_,_,_,_,_,_,@svl1983m-words#@svl1983m#116.173#116.346
573,рады,_,_,_,_,_,_,_,@svl1983m-words#@svl1983m#116.346#116.519
574,что,_,_,_,_,_,_,_,@svl1983m-words#@svl1983m#116.519#116.692
575,мы,_,_,_,_,_,_,_,@svl1983m-words#@svl1983m#116.692#116.865
576,не,_,_,_,_,_,_,_,@svl1983m-words#@svl1983m#116.865#117.038
577,на,_,_,_,_,_,_,_,@svl1983m-words#@svl1983m#117.038#117.211
578,перовм,_,_,_,_,_,_,_,@svl1983m-words#@svl1983m#117.211#117.384
579,месте,_,_,_,_,_,_,_,@svl1983m-words#@svl1983m#117.384#117.557
580,по,_,_,_,_,_,_,_,@svl1983m-words#@svl1983m#117.557#117.73
581,букмекерам,_,_,_,_,_,_,_,@svl1983m-words#@svl1983m#117.73#117.906
582,гасят,_,_,_,_,_,_,_,@svl1983m-words#@svl1983m#118.488#118.802
583,лидеров,_,_,_,_,_,_,_,@svl1983m-words#@svl1983m#119.139#119.569
584,гасят,_,_,_,_,_,_,_,@svl1983m-words#@svl1983m#119.569#120.0
585,да,_,_,_,_,_,_,_,@svl1983m-words#@svl1983m#120.93#121.3
586,честно,_,_,_,_,_,_,_,@svl1983m-words#@svl1983m#122.081#122.387
587,я,_,_,_,_,_,_,_,@svl1983m-words#@svl1983m#122.387#122.693
588,/,_,_,_,_,_,_,_,@svl1983m-words#@svl1983m#122.693#122.999
589,я,_,_,_,_,_,_,_,@svl1983m-words#@svl1983m#122.999#123.305
590,/,_,_,_,_,_,_,_,@svl1983m-words#@svl1983m#123.305#123.611
591,я,_,_,_,_,_,_,_,@svl1983m-words#@svl1983m#123.611#123.917
592,так,_,_,_,_,_,_,_,@svl1983m-words#@svl1983m#123.917#124.223
593,хочу,_,_,_,_,_,_,_,@svl1983m-words#@svl1983m#124.223#124.534
594,я,_,_,_,_,_,_,_,@svl1983m-words#@svl1983m#125.325#125.519
595,такую,_,_,_,_,_,_,_,@svl1983m-words#@svl1983m#125.519#125.713
596,сложную,_,_,_,_,_,_,_,@svl1983m-words#@svl1983m#125.713#125.907
597,песню,_,_,_,_,_,_,_,@svl1983m-words#@svl1983m#125.907#126.101
598,выбрал,_,_,_,_,_,_,_,@svl1983m-words#@svl1983m#126.101#126.295
599,/,_,_,_,_,_,_,_,@svl1983m-words#@svl1983m#126.295#126.489
600,я,_,_,_,_,_,_,_,@svl1983m-words#@svl1983m#126.489#126.683
601,так,_,_,_,_,_,_,_,@svl1983m-words#@svl1983m#126.683#126.877
602,хочу,_,_,_,_,_,_,_,@svl1983m-words#@svl1983m#126.877#127.071
603,ее,_,_,_,_,_,_,_,@svl1983m-words#@svl1983m#127.071#127.265
604,хорошо,_,_,_,_,_,_,_,@svl1983m-words#@svl1983m#127.265#127.459
605,спеть,_,_,_,_,_,_,_,@svl1983m-words#@svl1983m#127.459#127.653
606,я,_,_,_,_,_,_,_,@svl1983m-words#@svl1983m#127.653#127.847
607,так,_,_,_,_,_,_,_,@svl1983m-words#@svl1983m#127.847#128.041
608,хорошо,_,_,_,_,_,_,_,@svl1983m-words#@svl1983m#128.041#128.235
609,хочу,_,_,_,_,_,_,_,@svl1983m-words#@svl1983m#128.235#128.429
610,выступить,_,_,_,_,_,_,_,@svl1983m-words#@svl1983m#128.429#128.623
611,/,_,_,_,_,_,_,_,@svl1983m-words#@svl1983m#128.623#128.817
612,там,_,_,_,_,_,_,_,@svl1983m-words#@svl1983m#128.817#129.011
613,уже,_,_,_,_,_,_,_,@svl1983m-words#@svl1983m#129.011#129.205
614,если,_,_,_,_,_,_,_,@svl1983m-words#@svl1983m#129.205#129.399
615,поймут,_,_,_,_,_,_,_,@svl1983m-words#@svl1983m#129.399#129.593
616,/,_,_,_,_,_,_,_,@svl1983m-words#@svl1983m#129.593#129.787
617,значит,_,_,_,_,_,_,_,@svl1983m-words#@svl1983m#129.787#129.981
618,поймут,_,_,_,_,_,_,_,@svl1983m-words#@svl1983m#129.981#130.175
619,/,_,_,_,_,_,_,_,@svl1983m-words#@svl1983m#130.175#130.369
620,не,_,_,_,_,_,_,_,@svl1983m-words#@svl1983m#130.369#130.563
621,получится,_,_,_,_,_,_,_,@svl1983m-words#@svl1983m#130.563#130.757
622,/,_,_,_,_,_,_,_,@svl1983m-words#@svl1983m#130.757#130.951
623,ну,_,_,_,_,_,_,_,@svl1983m-words#@svl1983m#130.951#131.145
624,и,_,_,_,_,_,_,_,@svl1983m-words#@svl1983m#131.145#131.339
625,ничего,_,_,_,_,_,_,_,@svl1983m-words#@svl1983m#131.339#131.533
626,страшного,_,_,_,_,_,_,_,@svl1983m-words#@svl1983m#131.533#131.727
627,в,_,_,_,_,_,_,_,@svl1983m-words#@svl1983m#131.727#131.921
628,этом,_,_,_,_,_,_,_,@svl1983m-words#@svl1983m#131.921#132.115
629,не,_,_,_,_,_,_,_,@svl1983m-words#@svl1983m#132.115#132.309
630,будет,_,_,_,_,_,_,_,@svl1983m-words#@svl1983m#132.309#132.503
631,/,_,_,_,_,_,_,_,@svl1983m-words#@svl1983m#132.503#132.697
632,будем,_,_,_,_,_,_,_,@svl1983m-words#@svl1983m#132.697#132.891
633,пробовать,_,_,_,_,_,_,_,@svl1983m-words#@svl1983m#132.891#133.085
634,еще,_,_,_,_,_,_,_,@svl1983m-words#@svl1983m#133.085#133.3
635,ну,_,_,_,_,_,_,_,@svl1983m-words#@svl1983m#133.651#133.809
636,не,_,_,_,_,_,_,_,@svl1983m-words#@svl1983m#133.809#133.967
637,я,_,_,_,_,_,_,_,@svl1983m-words#@svl1983m#133.967#134.125
638,уже,_,_,_,_,_,_,_,@svl1983m-words#@svl1983m#134.125#134.283
639,наверн...,_,_,_,_,_,_,_,@svl1983m-words#@svl1983m#134.283#134.441
640,/,_,_,_,_,_,_,_,@svl1983m-words#@svl1983m#134.441#134.599
641,наверное,_,_,_,_,_,_,_,@svl1983m-words#@svl1983m#134.599#134.757
642,уже,_,_,_,_,_,_,_,@svl1983m-words#@svl1983m#134.757#134.915
643,не,_,_,_,_,_,_,_,@svl1983m-words#@svl1983m#134.915#135.073
644,я,_,_,_,_,_,_,_,@svl1983m-words#@svl1983m#135.073#135.232
645,не,_,_,_,_,_,_,_,@svl1983m-words#@svl1983m#136.058#136.241
646,не,_,_,_,_,_,_,_,@svl1983m-words#@svl1983m#136.241#136.424
647,не,_,_,_,_,_,_,_,@svl1983m-words#@svl1983m#136.424#136.607
648,не,_,_,_,_,_,_,_,@svl1983m-words#@svl1983m#136.607#136.79
649,/,_,_,_,_,_,_,_,@svl1983m-words#@svl1983m#136.79#136.973
650,ну,_,_,_,_,_,_,_,@svl1983m-words#@svl1983m#136.973#137.156
651,/,_,_,_,_,_,_,_,@svl1983m-words#@svl1983m#137.156#137.339
652,давайте,_,_,_,_,_,_,_,@svl1983m-words#@svl1983m#137.339#137.522
653,уже,_,_,_,_,_,_,_,@svl1983m-words#@svl1983m#137.522#137.705
654,/,_,_,_,_,_,_,_,@svl1983m-words#@svl1983m#137.705#137.888
655,всё-таки,_,_,_,_,_,_,_,@svl1983m-words#@svl1983m#137.888#138.071
656,да,_,_,_,_,_,_,_,@svl1983m-words#@svl1983m#138.071#138.255
657,эээ,_,_,_,_,_,_,_,@svl1983m-words#@svl1983m#151.873#152.079
658,/,_,_,_,_,_,_,_,@svl1983m-words#@svl1983m#152.079#152.285
659,я,_,_,_,_,_,_,_,@svl1983m-words#@svl1983m#152.285#152.491
660,тебе,_,_,_,_,_,_,_,@svl1983m-words#@svl1983m#152.491#152.697
661,э,_,_,_,_,_,_,_,@svl1983m-words#@svl1983m#152.697#152.903
662,и,_,_,_,_,_,_,_,@svl1983m-words#@svl1983m#152.903#153.109
663,сразу,_,_,_,_,_,_,_,@svl1983m-words#@svl1983m#153.109#153.315
664,и,_,_,_,_,_,_,_,@svl1983m-words#@svl1983m#153.315#153.521
665,так,_,_,_,_,_,_,_,@svl1983m-words#@svl1983m#153.521#153.727
666,и,_,_,_,_,_,_,_,@svl1983m-words#@svl1983m#153.727#153.933
667,так,_,_,_,_,_,_,_,@svl1983m-words#@svl1983m#153.933#154.139
668,скажу,_,_,_,_,_,_,_,@svl1983m-words#@svl1983m#154.139#154.345
669,/,_,_,_,_,_,_,_,@svl1983m-words#@svl1983m#154.345#154.551
670,что,_,_,_,_,_,_,_,@svl1983m-words#@svl1983m#154.551#154.757
671,/,_,_,_,_,_,_,_,@svl1983m-words#@svl1983m#154.757#154.963
672,в,_,_,_,_,_,_,_,@svl1983m-words#@svl1983m#154.963#155.169
673,п...,_,_,_,_,_,_,_,@svl1983m-words#@svl1983m#155.169#155.375
674,в,_,_,_,_,_,_,_,@svl1983m-words#@svl1983m#155.375#155.581
675,после,_,_,_,_,_,_,_,@svl1983m-words#@svl1983m#155.581#155.787
676,две,_,_,_,_,_,_,_,@svl1983m-words#@svl1983m#155.787#155.993
677,тысячи,_,_,_,_,_,_,_,@svl1983m-words#@svl1983m#155.993#156.199
678,шестнадцотого,_,_,_,_,_,_,_,@svl1983m-words#@svl1983m#156.199#156.405
679,года,_,_,_,_,_,_,_,@svl1983m-words#@svl1983m#156.405#156.611
680,у,_,_,_,_,_,_,_,@svl1983m-words#@svl1983m#156.611#156.817
681,меня,_,_,_,_,_,_,_,@svl1983m-words#@svl1983m#156.817#157.023
682,в,_,_,_,_,_,_,_,@svl1983m-words#@svl1983m#157.023#157.229
683,приницпе,_,_,_,_,_,_,_,@svl1983m-words#@svl1983m#157.229#157.435
684,ничего,_,_,_,_,_,_,_,@svl1983m-words#@svl1983m#157.435#157.641
685,/,_,_,_,_,_,_,_,@svl1983m-words#@svl1983m#157.641#157.847
686,э,_,_,_,_,_,_,_,@svl1983m-words#@svl1983m#157.847#158.053
687,кардинально,_,_,_,_,_,_,_,@svl1983m-words#@svl1983m#158.053#158.259
688,не,_,_,_,_,_,_,_,@svl1983m-words#@svl1983m#158.259#158.465
689,изменилось,_,_,_,_,_,_,_,@svl1983m-words#@svl1983m#158.465#158.671
690,несмотря,_,_,_,_,_,_,_,@svl1983m-words#@svl1983m#158.671#158.877
691,на,_,_,_,_,_,_,_,@svl1983m-words#@svl1983m#158.877#159.083
692,то,_,_,_,_,_,_,_,@svl1983m-words#@svl1983m#159.083#159.289
693,что,_,_,_,_,_,_,_,@svl1983m-words#@svl1983m#159.289#159.496
694,да,_,_,_,_,_,_,_,@svl1983m-words#@svl1983m#160.104#160.334
695,прошла,_,_,_,_,_,_,_,@svl1983m-words#@svl1983m#160.334#160.564
696,большая,_,_,_,_,_,_,_,@svl1983m-words#@svl1983m#160.564#160.794
697,волна,_,_,_,_,_,_,_,@svl1983m-words#@svl1983m#160.794#161.024
698,/,_,_,_,_,_,_,_,@svl1983m-words#@svl1983m#161.024#161.254
699,э,_,_,_,_,_,_,_,@svl1983m-words#@svl1983m#161.254#161.484
700,любви,_,_,_,_,_,_,_,@svl1983m-words#@svl1983m#161.484#161.714
701,/,_,_,_,_,_,_,_,@svl1983m-words#@svl1983m#161.714#161.944
702,ну,_,_,_,_,_,_,_,@svl1983m-words#@svl1983m#161.944#162.174
703,я,_,_,_,_,_,_,_,@svl1983m-words#@svl1983m#162.174#162.404
704,и...,_,_,_,_,_,_,_,@svl1983m-words#@svl1983m#162.404#162.639
705,и,_,_,_,_,_,_,_,@svl1983m-words#@svl1983m#163.0#163.191
706,не,_,_,_,_,_,_,_,@svl1983m-words#@svl1983m#163.191#163.382
707,был,_,_,_,_,_,_,_,@svl1983m-words#@svl1983m#163.382#163.573
708,обделён,_,_,_,_,_,_,_,@svl1983m-words#@svl1983m#163.573#163.764
709,у,_,_,_,_,_,_,_,@svl1983m-words#@svl1983m#163.764#163.955
710,меня,_,_,_,_,_,_,_,@svl1983m-words#@svl1983m#163.955#164.146
711,были,_,_,_,_,_,_,_,@svl1983m-words#@svl1983m#164.146#164.337
712,гастроли,_,_,_,_,_,_,_,@svl1983m-words#@svl1983m#164.337#164.528
713,и,_,_,_,_,_,_,_,@svl1983m-words#@svl1983m#164.528#164.719
714,до,_,_,_,_,_,_,_,@svl1983m-words#@svl1983m#164.719#164.91
715,этого,_,_,_,_,_,_,_,@svl1983m-words#@svl1983m#164.91#165.101
716,и,_,_,_,_,_,_,_,@svl1983m-words#@svl1983m#165.101#165.292
717,туры,_,_,_,_,_,_,_,@svl1983m-words#@svl1983m#165.292#165.483
718,и,_,_,_,_,_,_,_,@svl1983m-words#@svl1983m#165.483#165.674
719,всё,_,_,_,_,_,_,_,@svl1983m-words#@svl1983m#165.674#165.865
720,остальное,_,_,_,_,_,_,_,@svl1983m-words#@svl1983m#165.865#166.058
721,вот,_,_,_,_,_,_,_,@svl1983m-words#@svl1983m#166.473#166.725
722,поэтому,_,_,_,_,_,_,_,@svl1983m-words#@svl1983m#166.725#166.977
723,я,_,_,_,_,_,_,_,@svl1983m-words#@svl1983m#166.977#167.229
724,продолжу,_,_,_,_,_,_,_,@svl1983m-words#@svl1983m#167.229#167.481
725,работать,_,_,_,_,_,_,_,@svl1983m-words#@svl1983m#167.481#167.733
726,/,_,_,_,_,_,_,_,@svl1983m-words#@svl1983m#167.733#167.985
727,в,_,_,_,_,_,_,_,@svl1983m-words#@svl1983m#167.985#168.237
728,ээ,_,_,_,_,_,_,_,@svl1983m-words#@svl1983m#168.237#168.489
729,несмотря,_,_,_,_,_,_,_,@svl1983m-words#@svl1983m#168.489#168.741
730,/,_,_,_,_,_,_,_,@svl1983m-words#@svl1983m#168.741#168.993
731,на,_,_,_,_,_,_,_,@svl1983m-words#@svl1983m#168.993#169.245
732,любой,_,_,_,_,_,_,_,@svl1983m-words#@svl1983m#169.245#169.497
733,и...,_,_,_,_,_,_,_,@svl1983m-words#@svl1983m#169.497#169.749
734,исход,_,_,_,_,_,_,_,@svl1983m-words#@svl1983m#169.749#170.001
735,который,_,_,_,_,_,_,_,@svl1983m-words#@svl1983m#170.001#170.253
736,будет,_,_,_,_,_,_,_,@svl1983m-words#@svl1983m#170.253#170.505
737,/,_,_,_,_,_,_,_,@svl1983m-words#@svl1983m#170.505#170.757
738,я...,_,_,_,_,_,_,_,@svl1983m-words#@svl1983m#170.757#171.009
739,у,_,_,_,_,_,_,_,@svl1983m-words#@svl1983m#171.009#171.261
740,меня,_,_,_,_,_,_,_,@svl1983m-words#@svl1983m#171.261#171.513
741,гастроли,_,_,_,_,_,_,_,@svl1983m-words#@svl1983m#171.513#171.765
742,которые,_,_,_,_,_,_,_,@svl1983m-words#@svl1983m#171.765#172.017
743,я,_,_,_,_,_,_,_,@svl1983m-words#@svl1983m#172.017#172.269
744,буду,_,_,_,_,_,_,_,@svl1983m-words#@svl1983m#172.269#172.521
745,продолжать,_,_,_,_,_,_,_,@svl1983m-words#@svl1983m#172.521#172.773
746,делать,_,_,_,_,_,_,_,@svl1983m-words#@svl1983m#172.773#173.025
747,/,_,_,_,_,_,_,_,@svl1983m-words#@svl1983m#173.025#173.277
748,у,_,_,_,_,_,_,_,@svl1983m-words#@svl1983m#173.277#173.529
749,меня,_,_,_,_,_,_,_,@svl1983m-words#@svl1983m#173.529#173.781
750,/,_,_,_,_,_,_,_,@svl1983m-words#@svl1983m#173.781#174.033
751,ээ,_,_,_,_,_,_,_,@svl1983m-words#@svl1983m#174.033#174.285
752,/,_,_,_,_,_,_,_,@svl1983m-words#@svl1983m#174.285#174.537
753,на,_,_,_,_,_,_,_,@svl1983m-words#@svl1983m#174.537#174.789
754,осень,_,_,_,_,_,_,_,@svl1983m-words#@svl1983m#174.789#175.041
755,/,_,_,_,_,_,_,_,@svl1983m-words#@svl1983m#175.041#175.293
756,выпуск,_,_,_,_,_,_,_,@svl1983m-words#@svl1983m#175.293#175.545
757,нового,_,_,_,_,_,_,_,@svl1983m-words#@svl1983m#175.545#175.797
758,альбома,_,_,_,_,_,_,_,@svl1983m-words#@svl1983m#175.797#176.049
759,который,_,_,_,_,_,_,_,@svl1983m-words#@svl1983m#176.049#176.301
760,уже,_,_,_,_,_,_,_,@svl1983m-words#@svl1983m#176.301#176.553
761,записан,_,_,_,_,_,_,_,@svl1983m-words#@svl1983m#176.553#176.805
762,и,_,_,_,_,_,_,_,@svl1983m-words#@svl1983m#176.805#177.057
763,который,_,_,_,_,_,_,_,@svl1983m-words#@svl1983m#177.057#177.309
764,я,_,_,_,_,_,_,_,@svl1983m-words#@svl1983m#177.309#177.561
765,сейчас,_,_,_,_,_,_,_,@svl1983m-words#@svl1983m#177.561#177.813
766,я,_,_,_,_,_,_,_,@svl1983m-words#@svl1983m#177.813#178.065
767,пока,_,_,_,_,_,_,_,@svl1983m-words#@svl1983m#178.065#178.317
768,/,_,_,_,_,_,_,_,@svl1983m-words#@svl1983m#178.317#178.569
769,ээ,_,_,_,_,_,_,_,@svl1983m-words#@svl1983m#178.569#178.821
770,я,_,_,_,_,_,_,_,@svl1983m-words#@svl1983m#178.821#179.073
771,его,_,_,_,_,_,_,_,@svl1983m-words#@svl1983m#179.073#179.325
772,перенёс,_,_,_,_,_,_,_,@svl1983m-words#@svl1983m#179.325#179.577
773,/,_,_,_,_,_,_,_,@svl1983m-words#@svl1983m#179.577#179.829
774,специально,_,_,_,_,_,_,_,@svl1983m-words#@svl1983m#179.829#180.081
775,/,_,_,_,_,_,_,_,@svl1983m-words#@svl1983m#180.081#180.333
776,на,_,_,_,_,_,_,_,@svl1983m-words#@svl1983m#180.333#180.585
777,осень,_,_,_,_,_,_,_,@svl1983m-words#@svl1983m#180.585#180.837
778,потому,_,_,_,_,_,_,_,@svl1983m-words#@svl1983m#180.837#181.089
779,что,_,_,_,_,_,_,_,@svl1983m-words#@svl1983m#181.089#181.341
780,/,_,_,_,_,_,_,_,@svl1983m-words#@svl1983m#181.341#181.593
781,вот,_,_,_,_,_,_,_,@svl1983m-words#@svl1983m#181.593#181.845
782,/,_,_,_,_,_,_,_,@svl1983m-words#@svl1983m#181.845#182.097
783,песня,_,_,_,_,_,_,_,@svl1983m-words#@svl1983m#182.097#182.349
784,евровидения,_,_,_,_,_,_,_,@svl1983m-words#@svl1983m#182.349#182.601
785,я,_,_,_,_,_,_,_,@svl1983m-words#@svl1983m#182.601#182.853
786,понял,_,_,_,_,_,_,_,@svl1983m-words#@svl1983m#182.853#183.105
787,что,_,_,_,_,_,_,_,@svl1983m-words#@svl1983m#183.105#183.357
788,сейчас,_,_,_,_,_,_,_,@svl1983m-words#@svl1983m#183.357#183.609
789,всё,_,_,_,_,_,_,_,@svl1983m-words#@svl1983m#183.609#183.861
790,будет,_,_,_,_,_,_,_,@svl1983m-words#@svl1983m#183.861#184.113
791,вокруг,_,_,_,_,_,_,_,@svl1983m-words#@svl1983m#184.113#184.365
792,к,_,_,_,_,_,_,_,@svl1983m-words#@svl1983m#184.365#184.617
793,евровидению,_,_,_,_,_,_,_,@svl1983m-words#@svl1983m#184.617#184.869
794,и,_,_,_,_,_,_,_,@svl1983m-words#@svl1983m#184.869#185.121
795,это,_,_,_,_,_,_,_,@svl1983m-words#@svl1983m#185.121#185.373
796,просто,_,_,_,_,_,_,_,@svl1983m-words#@svl1983m#185.373#185.625
797,/,_,_,_,_,_,_,_,@svl1983m-words#@svl1983m#185.625#185.877
798,классные,_,_,_,_,_,_,_,@svl1983m-words#@svl1983m#185.877#186.129
799,/,_,_,_,_,_,_,_,@svl1983m-words#@svl1983m#186.129#186.381
800,отличные,_,_,_,_,_,_,_,@svl1983m-words#@svl1983m#186.381#186.633
801,песни,_,_,_,_,_,_,_,@svl1983m-words#@svl1983m#186.633#186.885
802,на,_,_,_,_,_,_,_,@svl1983m-words#@svl1983m#186.885#187.137
803,русском,_,_,_,_,_,_,_,@svl1983m-words#@svl1983m#187.137#187.389
804,языке,_,_,_,_,_,_,_,@svl1983m-words#@svl1983m#187.389#187.663
805,я,_,_,_,_,_,_,_,@svl1983m-words#@svl1983m#188.358#188.641
806,перешёл,_,_,_,_,_,_,_,@svl1983m-words#@svl1983m#188.641#188.924
807,на,_,_,_,_,_,_,_,@svl1983m-words#@svl1983m#188.924#189.207
808,русский,_,_,_,_,_,_,_,@svl1983m-words#@svl1983m#189.207#189.49
809,язык,_,_,_,_,_,_,_,@svl1983m-words#@svl1983m#189.49#189.773
810,всё-таки,_,_,_,_,_,_,_,@svl1983m-words#@svl1983m#189.773#190.056
811,/,_,_,_,_,_,_,_,@svl1983m-words#@svl1983m#190.056#190.339
812,ээ,_,_,_,_,_,_,_,@svl1983m-words#@svl1983m#190.339#190.622
813,/,_,_,_,_,_,_,_,@svl1983m-words#@svl1983m#190.622#190.905
814,хотя,_,_,_,_,_,_,_,@svl1983m-words#@svl1983m#190.905#191.188
815,я,_,_,_,_,_,_,_,@svl1983m-words#@svl1983m#191.188#191.471
816,записал,_,_,_,_,_,_,_,@svl1983m-words#@svl1983m#191.471#191.754
817,несколько,_,_,_,_,_,_,_,@svl1983m-words#@svl1983m#191.754#192.037
818,треков,_,_,_,_,_,_,_,@svl1983m-words#@svl1983m#192.037#192.32
819,эээ,_,_,_,_,_,_,_,@svl1983m-words#@svl1983m#192.32#192.603
820,на,_,_,_,_,_,_,_,@svl1983m-words#@svl1983m#192.603#192.886
821,английском,_,_,_,_,_,_,_,@svl1983m-words#@svl1983m#192.886#193.169
822,языке,_,_,_,_,_,_,_,@svl1983m-words#@svl1983m#193.169#193.452
823,но,_,_,_,_,_,_,_,@svl1983m-words#@svl1983m#193.452#193.735
824,они,_,_,_,_,_,_,_,@svl1983m-words#@svl1983m#193.735#194.018
825,скорее,_,_,_,_,_,_,_,@svl1983m-words#@svl1983m#194.018#194.301
826,всего,_,_,_,_,_,_,_,@svl1983m-words#@svl1983m#194.301#194.584
827,/,_,_,_,_,_,_,_,@svl1983m-words#@svl1983m#194.584#194.867
828,уже,_,_,_,_,_,_,_,@svl1983m-words#@svl1983m#194.867#195.15
829,сейчас,_,_,_,_,_,_,_,@svl1983m-words#@svl1983m#195.15#195.433
830,пойдут,_,_,_,_,_,_,_,@svl1983m-words#@svl1983m#195.433#195.716
831,/,_,_,_,_,_,_,_,@svl1983m-words#@svl1983m#195.716#195.999
832,для,_,_,_,_,_,_,_,@svl1983m-words#@svl1983m#195.999#196.282
833,европейской,_,_,_,_,_,_,_,@svl1983m-words#@svl1983m#196.282#196.565
834,аудитории,_,_,_,_,_,_,_,@svl1983m-words#@svl1983m#196.565#196.848
835,/,_,_,_,_,_,_,_,@svl1983m-words#@svl1983m#196.848#197.131
836,после,_,_,_,_,_,_,_,@svl1983m-words#@svl1983m#197.131#197.414
837,евровидения,_,_,_,_,_,_,_,@svl1983m-words#@svl1983m#197.414#197.716
838,вот,_,_,_,_,_,_,_,@svl1983m-words#@svl1983m#201.842#202.079
839,как,_,_,_,_,_,_,_,@svl1983m-words#@svl1983m#202.079#202.316
840,начинали,_,_,_,_,_,_,_,@svl1983m-words#@svl1983m#202.316#202.553
841,с,_,_,_,_,_,_,_,@svl1983m-words#@svl1983m#202.553#202.79
842,Владиком,_,_,_,_,_,_,_,@svl1983m-words#@svl1983m#202.79#203.027
843,/,_,_,_,_,_,_,_,@svl1983m-words#@svl1983m#203.027#203.264
844,ээ,_,_,_,_,_,_,_,@svl1983m-words#@svl1983m#203.264#203.501
845,мы,_,_,_,_,_,_,_,@svl1983m-words#@svl1983m#203.501#203.738
846,я,_,_,_,_,_,_,_,@svl1983m-words#@svl1983m#203.738#203.975
847,продолжил,_,_,_,_,_,_,_,@svl1983m-words#@svl1983m#203.975#204.212
848,эту...,_,_,_,_,_,_,_,@svl1983m-words#@svl1983m#204.212#204.449
849,эту,_,_,_,_,_,_,_,@svl1983m-words#@svl1983m#204.449#204.686
850,тенденцию,_,_,_,_,_,_,_,@svl1983m-words#@svl1983m#204.686#204.923
851,один,_,_,_,_,_,_,_,@svl1983m-words#@svl1983m#204.923#205.16
852,/,_,_,_,_,_,_,_,@svl1983m-words#@svl1983m#205.16#205.397
853,но,_,_,_,_,_,_,_,@svl1983m-words#@svl1983m#205.397#205.634
854,тогда,_,_,_,_,_,_,_,@svl1983m-words#@svl1983m#205.634#205.871
855,это,_,_,_,_,_,_,_,@svl1983m-words#@svl1983m#205.871#206.108
856,было,_,_,_,_,_,_,_,@svl1983m-words#@svl1983m#206.108#206.345
857,в,_,_,_,_,_,_,_,@svl1983m-words#@svl1983m#206.345#206.582
858,новинку,_,_,_,_,_,_,_,@svl1983m-words#@svl1983m#206.582#206.819
859,/,_,_,_,_,_,_,_,@svl1983m-words#@svl1983m#206.819#207.056
860,тогда,_,_,_,_,_,_,_,@svl1983m-words#@svl1983m#207.056#207.293
861,это,_,_,_,_,_,_,_,@svl1983m-words#@svl1983m#207.293#207.53
862,было,_,_,_,_,_,_,_,@svl1983m-words#@svl1983m#207.53#207.767
863,вау,_,_,_,_,_,_,_,@svl1983m-words#@svl1983m#207.767#208.004
864,/,_,_,_,_,_,_,_,@svl1983m-words#@svl1983m#208.004#208.241
865,круто,_,_,_,_,_,_,_,@svl1983m-words#@svl1983m#208.241#208.478
866,/,_,_,_,_,_,_,_,@svl1983m-words#@svl1983m#208.478#208.715
867,наши,_,_,_,_,_,_,_,@svl1983m-words#@svl1983m#208.715#208.952
868,/,_,_,_,_,_,_,_,@svl1983m-words#@svl1983m#208.952#209.189
869,на,_,_,_,_,_,_,_,@svl1983m-words#@svl1983m#209.189#209.426
870,Западе,_,_,_,_,_,_,_,@svl1983m-words#@svl1983m#209.426#209.663
871,/,_,_,_,_,_,_,_,@svl1983m-words#@svl1983m#209.663#209.9
872,всё,_,_,_,_,_,_,_,@svl1983m-words#@svl1983m#209.9#210.168
873,эээ,_,_,_,_,_,_,_,@svl1983m-words#@svl1983m#210.6#210.848
874,это,_,_,_,_,_,_,_,@svl1983m-words#@svl1983m#210.848#211.096
875,было,_,_,_,_,_,_,_,@svl1983m-words#@svl1983m#211.096#211.344
876,Тату,_,_,_,_,_,_,_,@svl1983m-words#@svl1983m#211.344#211.592
877,/,_,_,_,_,_,_,_,@svl1983m-words#@svl1983m#211.592#211.84
878,Смэш,_,_,_,_,_,_,_,@svl1983m-words#@svl1983m#211.84#212.088
879,/,_,_,_,_,_,_,_,@svl1983m-words#@svl1983m#212.088#212.336
880,Алсу,_,_,_,_,_,_,_,@svl1983m-words#@svl1983m#212.336#212.584
881,тогда,_,_,_,_,_,_,_,@svl1983m-words#@svl1983m#212.584#212.832
882,пела,_,_,_,_,_,_,_,@svl1983m-words#@svl1983m#212.832#213.08
883,на,_,_,_,_,_,_,_,@svl1983m-words#@svl1983m#213.08#213.328
884,английском,_,_,_,_,_,_,_,@svl1983m-words#@svl1983m#213.328#213.576
885,языке,_,_,_,_,_,_,_,@svl1983m-words#@svl1983m#213.576#213.824
886,/,_,_,_,_,_,_,_,@svl1983m-words#@svl1983m#213.824#214.072
887,и,_,_,_,_,_,_,_,@svl1983m-words#@svl1983m#214.072#214.32
888,это,_,_,_,_,_,_,_,@svl1983m-words#@svl1983m#214.32#214.568
889,бы...,_,_,_,_,_,_,_,@svl1983m-words#@svl1983m#214.568#214.816
890,это,_,_,_,_,_,_,_,@svl1983m-words#@svl1983m#214.816#215.064
891,было,_,_,_,_,_,_,_,@svl1983m-words#@svl1983m#215.064#215.312
892,логично,_,_,_,_,_,_,_,@svl1983m-words#@svl1983m#215.312#215.568
893,а,_,_,_,_,_,_,_,@svl1983m-words#@svl1983m#216.1#216.415
894,потом,_,_,_,_,_,_,_,@svl1983m-words#@svl1983m#216.415#216.73
895,/,_,_,_,_,_,_,_,@svl1983m-words#@svl1983m#216.73#217.045
896,когда,_,_,_,_,_,_,_,@svl1983m-words#@svl1983m#217.045#217.36
897,ситуация,_,_,_,_,_,_,_,@svl1983m-words#@svl1983m#217.36#217.675
898,/,_,_,_,_,_,_,_,@svl1983m-words#@svl1983m#217.675#217.99
899,в,_,_,_,_,_,_,_,@svl1983m-words#@svl1983m#217.99#218.305
900,том,_,_,_,_,_,_,_,@svl1983m-words#@svl1983m#218.305#218.62
901,числе,_,_,_,_,_,_,_,@svl1983m-words#@svl1983m#218.62#218.935
902,политическая,_,_,_,_,_,_,_,@svl1983m-words#@svl1983m#218.935#219.25
903,стала,_,_,_,_,_,_,_,@svl1983m-words#@svl1983m#219.25#219.565
904,меняться,_,_,_,_,_,_,_,@svl1983m-words#@svl1983m#219.565#219.884
905,эээ,_,_,_,_,_,_,_,@svl1983m-words#@svl1983m#220.252#220.614
906,англоязычный,_,_,_,_,_,_,_,@svl1983m-words#@svl1983m#220.614#220.976
907,репертурар,_,_,_,_,_,_,_,@svl1983m-words#@svl1983m#220.976#221.338
908,/,_,_,_,_,_,_,_,@svl1983m-words#@svl1983m#221.338#221.7
909,в...,_,_,_,_,_,_,_,@svl1983m-words#@svl1983m#221.7#222.062
910,начал,_,_,_,_,_,_,_,@svl1983m-words#@svl1983m#222.062#222.424
911,восприниматься,_,_,_,_,_,_,_,@svl1983m-words#@svl1983m#222.424#222.786
912,здесь,_,_,_,_,_,_,_,@svl1983m-words#@svl1983m#222.786#223.148
913,/,_,_,_,_,_,_,_,@svl1983m-words#@svl1983m#223.148#223.51
914,в,_,_,_,_,_,_,_,@svl1983m-words#@svl1983m#223.51#223.872
915,стране,_,_,_,_,_,_,_,@svl1983m-words#@svl1983m#223.872#224.234
916,/,_,_,_,_,_,_,_,@svl1983m-words#@svl1983m#224.234#224.596
917,в,_,_,_,_,_,_,_,@svl1983m-words#@svl1983m#224.596#224.958
918,штыки,_,_,_,_,_,_,_,@svl1983m-words#@svl1983m#224.958#225.326
919,но,_,_,_,_,_,_,_,@svl1983m-words#@svl1983m#226.0#226.325
920,/,_,_,_,_,_,_,_,@svl1983m-words#@svl1983m#226.325#226.65
921,эээ,_,_,_,_,_,_,_,@svl1983m-words#@svl1983m#226.65#226.975
922,/,_,_,_,_,_,_,_,@svl1983m-words#@svl1983m#226.975#227.3
923,я,_,_,_,_,_,_,_,@svl1983m-words#@svl1983m#227.3#227.625
924,и,_,_,_,_,_,_,_,@svl1983m-words#@svl1983m#227.625#227.95
925,не,_,_,_,_,_,_,_,@svl1983m-words#@svl1983m#227.95#228.275
926,оставляю,_,_,_,_,_,_,_,@svl1983m-words#@svl1983m#228.275#228.6
927,/,_,_,_,_,_,_,_,@svl1983m-words#@svl1983m#228.6#228.925
928,мне,_,_,_,_,_,_,_,@svl1983m-words#@svl1983m#228.925#229.25
929,просто,_,_,_,_,_,_,_,@svl1983m-words#@svl1983m#229.25#229.575
930,скажем,_,_,_,_,_,_,_,@svl1983m-words#@svl1983m#229.575#229.9
931,так,_,_,_,_,_,_,_,@svl1983m-words#@svl1983m#229.9#230.225
932,я,_,_,_,_,_,_,_,@svl1983m-words#@svl1983m#230.225#230.55
933,/,_,_,_,_,_,_,_,@svl1983m-words#@svl1983m#230.55#230.875
934,понимаю,_,_,_,_,_,_,_,@svl1983m-words#@svl1983m#230.875#231.2
935,все,_,_,_,_,_,_,_,@svl1983m-words#@svl1983m#231.2#231.525
936,сложности,_,_,_,_,_,_,_,@svl1983m-words#@svl1983m#231.525#231.85
937,выхода,_,_,_,_,_,_,_,@svl1983m-words#@svl1983m#231.85#232.175
938,на,_,_,_,_,_,_,_,@svl1983m-words#@svl1983m#232.175#232.5
939,/,_,_,_,_,_,_,_,@svl1983m-words#@svl1983m#232.5#232.825
940,другую,_,_,_,_,_,_,_,@svl1983m-words#@svl1983m#232.825#233.15
941,аудиторию,_,_,_,_,_,_,_,@svl1983m-words#@svl1983m#233.15#233.475
942,/,_,_,_,_,_,_,_,@svl1983m-words#@svl1983m#233.475#233.8
943,по...,_,_,_,_,_,_,_,@svl1983m-words#@svl1983m#233.8#234.125
944,потому,_,_,_,_,_,_,_,@svl1983m-words#@svl1983m#234.125#234.45
945,что,_,_,_,_,_,_,_,@svl1983m-words#@svl1983m#234.45#234.775
946,мм,_,_,_,_,_,_,_,@svl1983m-words#@svl1983m#234.775#235.1
947,/,_,_,_,_,_,_,_,@svl1983m-words#@svl1983m#235.1#235.425
948,во-первых,_,_,_,_,_,_,_,@svl1983m-words#@svl1983m#235.425#235.75
949,там,_,_,_,_,_,_,_,@svl1983m-words#@svl1983m#235.75#236.075
950,своих,_,_,_,_,_,_,_,@svl1983m-words#@svl1983m#236.075#236.4
951,хватает,_,_,_,_,_,_,_,@svl1983m-words#@svl1983m#236.4#236.725
952,талантливых,_,_,_,_,_,_,_,@svl1983m-words#@svl1983m#236.725#237.05
953,прекрасных,_,_,_,_,_,_,_,@svl1983m-words#@svl1983m#237.05#237.375
954,во-вторых,_,_,_,_,_,_,_,@svl1983m-words#@svl1983m#237.375#237.7
955,для,_,_,_,_,_,_,_,@svl1983m-words#@svl1983m#237.7#238.025
956,того,_,_,_,_,_,_,_,@svl1983m-words#@svl1983m#238.025#238.35
957,чтобы,_,_,_,_,_,_,_,@svl1983m-words#@svl1983m#238.35#238.675
958,что-то,_,_,_,_,_,_,_,@svl1983m-words#@svl1983m#238.675#239.0
959,делать,_,_,_,_,_,_,_,@svl1983m-words#@svl1983m#239.0#239.325
960,в,_,_,_,_,_,_,_,@svl1983m-words#@svl1983m#239.325#239.65
961,стране,_,_,_,_,_,_,_,@svl1983m-words#@svl1983m#239.65#239.975
962,нужно,_,_,_,_,_,_,_,@svl1983m-words#@svl1983m#239.975#240.3
963,в,_,_,_,_,_,_,_,@svl1983m-words#@svl1983m#240.3#240.625
964,ней,_,_,_,_,_,_,_,@svl1983m-words#@svl1983m#240.625#240.95
965,жить,_,_,_,_,_,_,_,@svl1983m-words#@svl1983m#240.95#241.28
966,потому,_,_,_,_,_,_,_,@svl1983m-words#@svl1983m#241.808#242.044
967,что,_,_,_,_,_,_,_,@svl1983m-words#@svl1983m#242.044#242.28
968,надо,_,_,_,_,_,_,_,@svl1983m-words#@svl1983m#242.28#242.516
969,знать,_,_,_,_,_,_,_,@svl1983m-words#@svl1983m#242.516#242.752
970,ментальность,_,_,_,_,_,_,_,@svl1983m-words#@svl1983m#242.752#242.988
971,нужно,_,_,_,_,_,_,_,@svl1983m-words#@svl1983m#242.988#243.224
972,быть,_,_,_,_,_,_,_,@svl1983m-words#@svl1983m#243.224#243.46
973,на...,_,_,_,_,_,_,_,@svl1983m-words#@svl1983m#243.46#243.696
974,ходить,_,_,_,_,_,_,_,@svl1983m-words#@svl1983m#243.696#243.932
975,на,_,_,_,_,_,_,_,@svl1983m-words#@svl1983m#243.932#244.168
976,различные,_,_,_,_,_,_,_,@svl1983m-words#@svl1983m#244.168#244.404
977,мероприятия,_,_,_,_,_,_,_,@svl1983m-words#@svl1983m#244.404#244.64
978,и,_,_,_,_,_,_,_,@svl1983m-words#@svl1983m#244.64#244.876
979,тэ,_,_,_,_,_,_,_,@svl1983m-words#@svl1983m#244.876#245.112
980,дэ,_,_,_,_,_,_,_,@svl1983m-words#@svl1983m#245.112#245.348
981,и,_,_,_,_,_,_,_,@svl1983m-words#@svl1983m#245.348#245.584
982,тэ,_,_,_,_,_,_,_,@svl1983m-words#@svl1983m#245.584#245.82
983,пэ,_,_,_,_,_,_,_,@svl1983m-words#@svl1983m#245.82#246.056
984,конечно,_,_,_,_,_,_,_,@svl1983m-words#@svl1983m#246.1#246.437
985,аудитории,_,_,_,_,_,_,_,@svl1983m-words#@svl1983m#246.437#246.774
986,/,_,_,_,_,_,_,_,@svl1983m-words#@svl1983m#246.774#247.111
987,порибавилось,_,_,_,_,_,_,_,@svl1983m-words#@svl1983m#247.111#247.448
988,после,_,_,_,_,_,_,_,@svl1983m-words#@svl1983m#247.448#247.785
989,евровидения,_,_,_,_,_,_,_,@svl1983m-words#@svl1983m#247.785#248.122
990,а,_,_,_,_,_,_,_,@svl1983m-words#@svl1983m#248.122#248.459
991,наверное,_,_,_,_,_,_,_,@svl1983m-words#@svl1983m#248.459#248.796
992,после,_,_,_,_,_,_,_,@svl1983m-words#@svl1983m#248.796#249.133
993,второго,_,_,_,_,_,_,_,@svl1983m-words#@svl1983m#249.133#249.47
994,/,_,_,_,_,_,_,_,@svl1983m-words#@svl1983m#249.47#249.807
995,захода,_,_,_,_,_,_,_,@svl1983m-words#@svl1983m#249.807#250.144
996,ещё,_,_,_,_,_,_,_,@svl1983m-words#@svl1983m#250.144#250.481
997,больше,_,_,_,_,_,_,_,@svl1983m-words#@svl1983m#250.481#250.824
998,ээ,_,_,_,_,_,_,_,@svl1983m-words#@svl1983m#251.584#251.984
999,Слушай,_,_,_,_,_,_,_,@svl1983m-words#@svl1983m#254.52#254.832
1000,я,_,_,_,_,_,_,_,@svl1983m-words#@svl1983m#254.832#255.144
1001,признаюсь,_,_,_,_,_,_,_,@svl1983m-words#@svl1983m#255.648#255.873
1002,тебе,_,_,_,_,_,_,_,@svl1983m-words#@svl1983m#255.873#256.098
1003,честно,_,_,_,_,_,_,_,@svl1983m-words#@svl1983m#256.098#256.323
1004,/,_,_,_,_,_,_,_,@svl1983m-words#@svl1983m#256.323#256.548
1005,хочешь,_,_,_,_,_,_,_,@svl1983m-words#@svl1983m#256.548#256.773
1006,?,_,_,_,_,_,_,_,@svl1983m-words#@svl1983m#256.773#257.0
1007,я...,_,_,_,_,_,_,_,@svl1983m-words#@svl1983m#257.688#257.904
1008,хочешь,_,_,_,_,_,_,_,@svl1983m-words#@svl1983m#257.904#258.12
1009,вот,_,_,_,_,_,_,_,@svl1983m-words#@svl1983m#258.12#258.336
1010,прям,_,_,_,_,_,_,_,@svl1983m-words#@svl1983m#258.336#258.552
1011,признаюсь,_,_,_,_,_,_,_,@svl1983m-words#@svl1983m#258.552#258.768
1012,честно,_,_,_,_,_,_,_,@svl1983m-words#@svl1983m#258.768#258.984
1013,?,_,_,_,_,_,_,_,@svl1983m-words#@svl1983m#258.984#259.2
1014,нет,_,_,_,_,_,_,_,@svl1983m-words#@svl1983m#260.24#260.44
1015,/,_,_,_,_,_,_,_,@svl1983m-words#@svl1983m#260.44#260.64
1016,нет,_,_,_,_,_,_,_,@svl1983m-words#@svl1983m#260.64#260.84
1017,нет,_,_,_,_,_,_,_,@svl1983m-words#@svl1983m#260.84#261.04
1018,нет,_,_,_,_,_,_,_,@svl1983m-words#@svl1983m#261.04#261.24
1019,/,_,_,_,_,_,_,_,@svl1983m-words#@svl1983m#261.24#261.44
1020,я,_,_,_,_,_,_,_,@svl1983m-words#@svl1983m#261.44#261.64
1021,веду,_,_,_,_,_,_,_,@svl1983m-words#@svl1983m#261.64#261.84
1022,её,_,_,_,_,_,_,_,@svl1983m-words#@svl1983m#261.84#262.04
1023,я,_,_,_,_,_,_,_,@svl1983m-words#@svl1983m#262.04#262.248
1024,я,_,_,_,_,_,_,_,@svl1983m-words#@svl1983m#262.728#262.966
1025,так,_,_,_,_,_,_,_,@svl1983m-words#@svl1983m#262.966#263.204
1026,хочу,_,_,_,_,_,_,_,@svl1983m-words#@svl1983m#263.204#263.442
1027,закрыть,_,_,_,_,_,_,_,@svl1983m-words#@svl1983m#263.442#263.68
1028,все,_,_,_,_,_,_,_,@svl1983m-words#@svl1983m#263.68#263.918
1029,эти,_,_,_,_,_,_,_,@svl1983m-words#@svl1983m#263.918#264.156
1030,соцсети,_,_,_,_,_,_,_,@svl1983m-words#@svl1983m#264.156#264.4
1031,я,_,_,_,_,_,_,_,@svl1983m-words#@svl1983m#265.392#265.661
1032,так,_,_,_,_,_,_,_,@svl1983m-words#@svl1983m#265.661#265.93
1033,хочу,_,_,_,_,_,_,_,@svl1983m-words#@svl1983m#265.93#266.199
1034,/,_,_,_,_,_,_,_,@svl1983m-words#@svl1983m#266.199#266.468
1035,вот,_,_,_,_,_,_,_,@svl1983m-words#@svl1983m#266.468#266.737
1036,мне,_,_,_,_,_,_,_,@svl1983m-words#@svl1983m#266.737#267.006
1037,кажется,_,_,_,_,_,_,_,@svl1983m-words#@svl1983m#267.006#267.275
1038,за...,_,_,_,_,_,_,_,@svl1983m-words#@svl1983m#267.275#267.544
1039,пройдет,_,_,_,_,_,_,_,@svl1983m-words#@svl1983m#267.544#267.813
1040,евровидение,_,_,_,_,_,_,_,@svl1983m-words#@svl1983m#267.813#268.082
1041,/,_,_,_,_,_,_,_,@svl1983m-words#@svl1983m#268.082#268.351
1042,и,_,_,_,_,_,_,_,@svl1983m-words#@svl1983m#268.351#268.62
1043,я,_,_,_,_,_,_,_,@svl1983m-words#@svl1983m#268.62#268.889
1044,закрою,_,_,_,_,_,_,_,@svl1983m-words#@svl1983m#268.889#269.158
1045,всю,_,_,_,_,_,_,_,@svl1983m-words#@svl1983m#269.158#269.427
1046,это,_,_,_,_,_,_,_,@svl1983m-words#@svl1983m#269.427#269.696
1047,к,_,_,_,_,_,_,_,@svl1983m-words#@svl1983m#269.696#269.965
1048,х...,_,_,_,_,_,_,_,@svl1983m-words#@svl1983m#269.965#270.234
1049,шарашкину,_,_,_,_,_,_,_,@svl1983m-words#@svl1983m#270.234#270.503
1050,контору,_,_,_,_,_,_,_,@svl1983m-words#@svl1983m#270.503#270.776
1051,мне,_,_,_,_,_,_,_,@svl1983m-words#@svl1983m#273.864#274.205
1052,кажется,_,_,_,_,_,_,_,@svl1983m-words#@svl1983m#274.205#274.546
1053,люди,_,_,_,_,_,_,_,@svl1983m-words#@svl1983m#274.546#274.887
1054,сходят,_,_,_,_,_,_,_,@svl1983m-words#@svl1983m#274.887#275.228
1055,с,_,_,_,_,_,_,_,@svl1983m-words#@svl1983m#275.228#275.569
1056,ума,_,_,_,_,_,_,_,@svl1983m-words#@svl1983m#275.569#275.91
1057,уже,_,_,_,_,_,_,_,@svl1983m-words#@svl1983m#275.91#276.251
1058,от,_,_,_,_,_,_,_,@svl1983m-words#@svl1983m#276.251#276.592
1059,это,_,_,_,_,_,_,_,@svl1983m-words#@svl1983m#276.592#276.933
1060,от,_,_,_,_,_,_,_,@svl1983m-words#@svl1983m#276.933#277.274
1061,слова,_,_,_,_,_,_,_,@svl1983m-words#@svl1983m#277.274#277.615
1062,хайп,_,_,_,_,_,_,_,@svl1983m-words#@svl1983m#277.615#277.956
1063,/,_,_,_,_,_,_,_,@svl1983m-words#@svl1983m#277.956#278.297
1064,от,_,_,_,_,_,_,_,@svl1983m-words#@svl1983m#278.297#278.638
1065,от,_,_,_,_,_,_,_,@svl1983m-words#@svl1983m#278.638#278.979
1066,от,_,_,_,_,_,_,_,@svl1983m-words#@svl1983m#278.979#279.32
1067,/,_,_,_,_,_,_,_,@svl1983m-words#@svl1983m#279.32#279.661
1068,ээм,_,_,_,_,_,_,_,@svl1983m-words#@svl1983m#279.661#280.002
1069,/,_,_,_,_,_,_,_,@svl1983m-words#@svl1983m#280.002#280.343
1070,желания,_,_,_,_,_,_,_,@svl1983m-words#@svl1983m#280.343#280.684
1071,/,_,_,_,_,_,_,_,@svl1983m-words#@svl1983m#280.684#281.025
1072,заработать,_,_,_,_,_,_,_,@svl1983m-words#@svl1983m#281.025#281.366
1073,/,_,_,_,_,_,_,_,@svl1983m-words#@svl1983m#281.366#281.707
1074,любым,_,_,_,_,_,_,_,@svl1983m-words#@svl1983m#281.707#282.048
1075,способом,_,_,_,_,_,_,_,@svl1983m-words#@svl1983m#282.048#282.389
1076,/,_,_,_,_,_,_,_,@svl1983m-words#@svl1983m#282.389#282.73
1077,лайк,_,_,_,_,_,_,_,@svl1983m-words#@svl1983m#282.73#283.071
1078,/,_,_,_,_,_,_,_,@svl1983m-words#@svl1983m#283.071#283.412
1079,люди,_,_,_,_,_,_,_,@svl1983m-words#@svl1983m#283.412#283.753
1080,выкладывают,_,_,_,_,_,_,_,@svl1983m-words#@svl1983m#283.753#284.094
1081,непотребную,_,_,_,_,_,_,_,@svl1983m-words#@svl1983m#284.094#284.435
1082,информацию,_,_,_,_,_,_,_,@svl1983m-words#@svl1983m#284.435#284.784
1083,ээ,_,_,_,_,_,_,_,@svl1983m-words#@svl1983m#285.112#285.512
1084,порой,_,_,_,_,_,_,_,@svl1983m-words#@svl1983m#286.216#286.537
1085,заведомо,_,_,_,_,_,_,_,@svl1983m-words#@svl1983m#286.537#286.858
1086,ложную,_,_,_,_,_,_,_,@svl1983m-words#@svl1983m#286.858#287.179
1087,только,_,_,_,_,_,_,_,@svl1983m-words#@svl1983m#287.179#287.5
1088,для,_,_,_,_,_,_,_,@svl1983m-words#@svl1983m#287.5#287.821
1089,того,_,_,_,_,_,_,_,@svl1983m-words#@svl1983m#287.821#288.142
1090,чтобы,_,_,_,_,_,_,_,@svl1983m-words#@svl1983m#288.142#288.464
1091,привлечь,_,_,_,_,_,_,_,@svl1983m-words#@svl1983m#288.84#289.075
1092,к,_,_,_,_,_,_,_,@svl1983m-words#@svl1983m#289.075#289.31
1093,себе,_,_,_,_,_,_,_,@svl1983m-words#@svl1983m#289.31#289.545
1094,внимание,_,_,_,_,_,_,_,@svl1983m-words#@svl1983m#289.545#289.78
1095,это,_,_,_,_,_,_,_,@svl1983m-words#@svl1983m#289.78#290.015
1096,так,_,_,_,_,_,_,_,@svl1983m-words#@svl1983m#290.015#290.25
1097,ужасно,_,_,_,_,_,_,_,@svl1983m-words#@svl1983m#290.25#290.485
1098,это,_,_,_,_,_,_,_,@svl1983m-words#@svl1983m#290.485#290.72
1099,бич,_,_,_,_,_,_,_,@svl1983m-words#@svl1983m#290.72#290.955
1100,нашего,_,_,_,_,_,_,_,@svl1983m-words#@svl1983m#290.955#291.19
1101,времени,_,_,_,_,_,_,_,@svl1983m-words#@svl1983m#291.19#291.425
1102,что,_,_,_,_,_,_,_,@svl1983m-words#@svl1983m#291.425#291.66
1103,мы,_,_,_,_,_,_,_,@svl1983m-words#@svl1983m#291.66#291.895
1104,/,_,_,_,_,_,_,_,@svl1983m-words#@svl1983m#291.895#292.13
1105,сейчас,_,_,_,_,_,_,_,@svl1983m-words#@svl1983m#292.13#292.365
1106,/,_,_,_,_,_,_,_,@svl1983m-words#@svl1983m#292.365#292.6
1107,всё,_,_,_,_,_,_,_,@svl1983m-words#@svl1983m#292.6#292.835
1108,делаем,_,_,_,_,_,_,_,@svl1983m-words#@svl1983m#292.835#293.07
1109,ради,_,_,_,_,_,_,_,@svl1983m-words#@svl1983m#293.07#293.305
1110,того,_,_,_,_,_,_,_,@svl1983m-words#@svl1983m#293.305#293.54
1111,чтобы,_,_,_,_,_,_,_,@svl1983m-words#@svl1983m#293.54#293.775
1112,/,_,_,_,_,_,_,_,@svl1983m-words#@svl1983m#293.775#294.01
1113,кто-то,_,_,_,_,_,_,_,@svl1983m-words#@svl1983m#294.01#294.245
1114,увидел,_,_,_,_,_,_,_,@svl1983m-words#@svl1983m#294.245#294.48
1115,как,_,_,_,_,_,_,_,@svl1983m-words#@svl1983m#294.48#294.715
1116,нам,_,_,_,_,_,_,_,@svl1983m-words#@svl1983m#294.715#294.95
1117,хорошо,_,_,_,_,_,_,_,@svl1983m-words#@svl1983m#294.95#295.208
1118,да,_,_,_,_,_,_,_,@svl1983m-words#@svl1983m#306.688#306.868